Fecha detección;Organización;Categoría;Red AFE;Vacante;Lugar;Fecha publicada;Coincide con perfil;Enlace
2026-10-05 23:06;Ayuda en Acción;Desarrollo Económico;;Coordinador(a) de Proyectos - Linea de Educación (Lima);;;coordinador;https://empleoayudaenaccion.talentclue.com/es/node/128809636/4590
2026-10-05 23:06;Conservation Careers;Sostenibilidad;;Program Coordinator, Puerto Rico | World Parrot Trust;;;coordinator;https://www.conservation-careers.com/job/program-coordinator-puerto-rico-world-parrot-trust
2026-10-05 23:06;Corus International;Humanitario;;PROJECT COORDINATOR Kits PEP;;;coordinator;https://corus.applicantpro.com/jobs/4224204
2026-10-05 23:06;Corus International;Humanitario;;Project Coordinator-Burkina Faso;;;coordinator;https://corus.applicantpro.com/jobs/4210994
2026-10-05 23:06;Corus International;Humanitario;;Regional Health Advisor - Latin America and the Caribbean (Consultant);;;Latin America;https://corus.applicantpro.com/jobs/4176204
2026-10-05 23:06;Corus International;Humanitario;;Senior Program Manager, MOMENTUM Integrated Health Resilience (MIHR);;;program manager;https://corus.applicantpro.com/jobs/4189739
2026-10-05 23:06;Embajada Británica en Colombia;Sostenibilidad;;Environmental Crime Adviser, British Embassy Bogota;;;Bogotá;https://fco.tal.net/vx/lang-en-GB/mobile-0/appcentre-1/brand-2/xf-ead3e3fd03ec/candidate/so/pm/4/pl/1/opp/27602-Environmental-Crime-Adviser-British-Embassy-Bogota/en-GB
2026-10-05 23:06;Embajada Británica en Colombia;Sostenibilidad;;Head of Communications - British Embassy Bogotá;;;Bogotá;https://fco.tal.net/vx/lang-en-GB/mobile-0/appcentre-1/brand-2/xf-ead3e3fd03ec/candidate/so/pm/4/pl/1/opp/27587-Head-of-Communications-British-Embassy-Bogot%C3%A1/en-GB
2026-10-05 23:06;Federación Nacional de Cacaoteros Fedecacao;Gremio;;ADENDA CONVOCATORIA AUXILIAR FINANCIERO SEDE BOGOTA D.C.;;;Bogotá;https://www.fedecacao.com.co/convocatorias-fedecacao/adenda-convocatoria-auxiliar-financiero-sede-bogota-dc
2026-10-05 23:06;Federación Nacional de Cacaoteros Fedecacao;Gremio;;ADENDA CONVOCATORIA CONTADOR - FONDO DE ESTABILIZACIÓN DE PRECIOS DE CACAO – BOGOTÁ D.C;;;Bogotá;https://www.fedecacao.com.co/convocatorias-fedecacao/adenda-convocatoria-contador-fondo-de-estabilizacion-de-precios-de-cacao-bogota-dc
2026-10-05 23:06;Federación Nacional de Cacaoteros Fedecacao;Gremio;;ADENDA CONVOCATORIA No2 PROFESIONAL DE APOYO CONTABLE SEDE BOGOTA D.C.;;;Bogotá;https://www.fedecacao.com.co/convocatorias-fedecacao/adenda-convocatoria-no2-profesional-de-apoyo-contable-sede-bogota-dc
2026-10-05 23:06;Federación Nacional de Cacaoteros Fedecacao;Gremio;;ADENDA CONVOCATORIA PROFESIONAL DE APOYO CONTABLE SEDE BOGOTA D.C.;;;Bogotá;https://www.fedecacao.com.co/convocatorias-fedecacao/adenda-convocatoria-profesional-de-apoyo-contable-sede-bogota-dc
2026-10-05 23:06;Federación Nacional de Cacaoteros Fedecacao;Gremio;;CONVOCATORIA ASITENTE CONTABLE SEDE BOGOTA D.C;;;Bogotá;https://www.fedecacao.com.co/convocatorias-fedecacao/convocatoria-asitente-contable-sede-bogota-dc
2026-10-05 23:06;Fundación Ideas para la Paz;Humanitario;Sí;Asistente de investigacion del sistema de monitoreo del area de seguridad y gobernanza;;;monitoreo;https://ideaspaz.org/convocatorias/2023-09/asistente-de-investigacion-del-sistema-de-monitoreo-del-area-de-seguridad-y-gobernanza
2026-10-05 23:06;Fundación Ideas para la Paz;Humanitario;Sí;Coordinador a para el area de conducta empresarial responsable;;;coordinador;https://ideaspaz.org/convocatorias/2022-09/coordinador-a-para-el-area-de-conducta-empresarial-responsable
2026-10-05 23:06;Fundación Ideas para la Paz;Humanitario;Sí;Especialista de monitoreo y evaluacion area de seguridad y politica criminal de la fip;;;monitoreo;https://ideaspaz.org/convocatorias/2022-05/especialista-de-monitoreo-y-evaluacion-area-de-seguridad-y-politica-criminal-de-la-fip
2026-10-05 23:06;Gender Jobs;Agregador;;National me consultant for gender responsive cash plus project hanoi viet nam 18 months remote;;;remote;https://jobs.unicef.org/en-us/job/595881/national-me-consultant-for-gender-responsive-cash-plus-project-hanoi-viet-nam-18-months-remote
2026-10-05 23:06;Global Charity Jobs;Agregador;;Programme performance coordinator;;;coordinator;https://globalcharityjobs.com/jobs/programme-performance-coordinator
2026-10-05 23:06;Impact Source;Agregador;;Institutional Partnerships Coordinator;;;coordinator;https://osv-edf.wd5.myworkdayjobs.com/EDF_External_Careers/job/New-York/Institutional-Partnerships-Coordinator_REQ-002714
2026-10-05 23:06;Impact Source;Agregador;;Institutional Partnerships Coordinator;;;coordinator;https://www.impactsource.ai/jobs/environmental-defense-fund
2026-10-05 23:06;International Federation of Red Cross and Red Crescent Societies (IFRC);Humanitario;;Coordinator, Administration;;;coordinator;https://careers.ifrc.org/lumesse_jobdescription.html?jobId=161178&jobTitle=Coordinator%2C+Administration
2026-10-05 23:06;International Federation of Red Cross and Red Crescent Societies (IFRC);Humanitario;;Coordinator, Supply Chain - BVD;;;coordinator;https://careers.ifrc.org/lumesse_jobdescription.html?jobId=161089&jobTitle=Coordinator%2C+Supply+Chain+-+BVD
2026-10-05 23:06;International Federation of Red Cross and Red Crescent Societies (IFRC);Humanitario;;Project Coordinator;;;coordinator;https://careers.ifrc.org/lumesse_jobdescription.html?jobId=161267&jobTitle=Project+Coordinator
2026-10-05 23:06;IsraAID Colombia;Humanitario;;Protection Coordinator - Venezuela (national position);;;coordinator;https://israaid.bamboohr.com/careers/343
2026-10-05 23:06;NGO Tenders;Agregador;;MNCAH Data Engineering Consultant, UNICEF Office of Strategy and Evidence – Integrated Health Data Analytics Unit, Data and Analytics Section, Florence, Italy, 14 months (remote) #596115;;;remote;https://ngotenders.net/job/mncah-data-engineering-consultant-unicef-office-of-strategy-and-evidence-integrated-health-data-analytics-unit-data-and-analytics-section-florence-italy-14-months-remote-596115
2026-10-05 23:06;OnPurpose Careers;Agregador;;Chief Executive Officer Girls Leadership Remote USBased;;;remote;https://carringtontalentgroup.applytojob.com/apply/oXavYPiOzc/Chief-Executive-Officer-Girls-Leadership-Remote-USBased
2026-10-05 23:06;OnPurpose Careers;Agregador;;PS Investment Readiness Program Manager;;;program manager;https://proofingstation.org/wp-content/uploads/2026/09/PS_Investment_Readiness_Program_Manager.pdf
2026-10-05 23:06;OnPurpose Careers;Agregador;;Sr program manager center for civic futures;;;program manager;https://www.renaissancephilanthropy.org/careers/sr-program-manager-center-for-civic-futures
2026-10-05 23:06;Premiere Urgence;Humanitario;;Field Coordinator Hodeidah;;;coordinator;https://premiere-urgence.csod.com/ux/ats/careersite/4/home/requisition/1840?c=premiere-urgence
2026-10-05 23:06;Premiere Urgence;Humanitario;;Financial Coordinator;;;coordinator;https://premiere-urgence.csod.com/ux/ats/careersite/4/home/requisition/1743?c=premiere-urgence
2026-10-05 23:06;Premiere Urgence;Humanitario;;Grants & Partnership Coordinator;;;coordinator;https://premiere-urgence.csod.com/ux/ats/careersite/4/home/requisition/1807?c=premiere-urgence
2026-10-05 23:06;Premiere Urgence;Humanitario;;Logistics Coordinator;;;coordinator;https://premiere-urgence.csod.com/ux/ats/careersite/4/home/requisition/1800?c=premiere-urgence
2026-10-05 23:06;Premiere Urgence;Humanitario;;MHPSS and Protection Coordinator;;;coordinator;https://premiere-urgence.csod.com/ux/ats/careersite/4/home/requisition/1843?c=premiere-urgence
2026-10-05 23:06;Remote Jobs Opportunities;Agregador;;Proposal Development Manager at Welthungerhilfe: Remote Opportunity | Salary Based on Location | Apply by 15 October 2026;;;remote;https://remotejobsopportunities.com/manage-26
2026-10-05 23:06;Rights and Resources Initiative;Desarrollo Comunitario;;Associate, CLARIFI - Latin America / Associé(e), CLARIFI - Amérique Latine;;;Latin America;https://rights.bamboohr.com/careers/46
2026-10-05 23:06;Rights and Resources Initiative;Desarrollo Comunitario;;CLARIFI Program Manager / Gestionnaire de programme CLARIFI;;;program manager;https://rights.bamboohr.com/careers/44
2026-10-05 23:06;Talento Verde;Sostenibilidad;;COORDINADOR(A) SGI-SA;;;coordinador;https://talentoverde.com/?post_type=job_listing&p=69937
2026-10-05 23:06;The Impact Job;Agregador;;Digital Communications Coordinator;;;coordinator;https://www.theimpactjob.com/jobs/748584657-digital-communications-coordinator
2026-10-05 23:06;Universidad EAN;Educación;;Dirección de Sostenibilidad;;;sostenibilidad;https://universidadean.edu.co/Ean-sostenibilidad
2026-10-05 23:06;Accion;Inversión de Impacto;;Associate, Customer Strategy and Impact - MEA, Accion Advisory;;;;https://jobs-accion.icims.com/jobs/2479/associate%2c-customer-strategy-and-impact---mea%2c-accion-advisory/job
2026-10-05 23:06;Accion;Inversión de Impacto;;Head of People & Culture;;;;https://jobs-accion.icims.com/jobs/2486/head-of-people-%26-culture/job
2026-10-05 23:06;Accion;Inversión de Impacto;;Manager, Financial Products & Partnerships, Accion Advisory;;;;https://jobs-accion.icims.com/jobs/2487/manager%2c-financial-products-%26-partnerships%2c-accion-advisory/job
2026-10-05 23:06;Accion;Inversión de Impacto;;Senior Accounting Manager, Finance;;;;https://jobs-accion.icims.com/jobs/2482/senior-accounting-manager%2c-finance/job
2026-10-05 23:06;Accion;Inversión de Impacto;;Senior Manager, Advanced Analytics and Data Science, Accion Advisory;;;;https://jobs-accion.icims.com/jobs/2471/senior-manager%2c-advanced-analytics-and-data-science%2c-accion-advisory/job
2026-10-05 23:06;Accion;Inversión de Impacto;;Senior Specialist, Data Analytics & Risk Management, Accion Advisory;;;;https://jobs-accion.icims.com/jobs/2488/senior-specialist%2c-data-analytics-%26-risk-management%2c-accion-advisory/job
2026-10-05 23:06;Agencia de Cooperación Internacional de Medellín;Cooperación;;Oferta 05 asistente direccion compressed;;;;https://migrations.acimedellin.org/wp-content/uploads/2026/09/Oferta-05-asistente-direccion_compressed.pdf
2026-10-05 23:06;Agencia de Cooperación Internacional de Medellín;Cooperación;;Profesional gestion administrativa compressed;;;;https://migrations.acimedellin.org/wp-content/uploads/2026/09/profesional-gestion-administrativa_compressed.pdf
2026-10-05 23:06;Aida Américas;Sostenibilidad;;Coordinacion de operaciones;;;;https://aida-americas.org/es/coordinacion-de-operaciones
2026-10-05 23:06;Aida Américas;Sostenibilidad;;Profesional en derecho ambiental y calidad del aire;;;;https://aida-americas.org/es/profesional-en-derecho-ambiental-y-calidad-del-aire
2026-10-05 23:06;Ayuda en Acción;Desarrollo Económico;;Auxiliar en Comunicación con Base Social - Tupiza, Potosí;;;;https://empleoayudaenaccion.talentclue.com/es/node/128581467/4590
2026-10-05 23:06;Ayuda en Acción;Desarrollo Económico;;Auxiliar en Comunicación con Base Social - Villa Montes, Tarija;;;;https://empleoayudaenaccion.talentclue.com/es/node/128581338/4590
2026-10-05 23:06;Ayuda en Acción;Desarrollo Económico;;Dirección de Financiación y Alianzas Estrategicas – San Salvador, El Salvador;;;;https://empleoayudaenaccion.talentclue.com/es/node/126805815/4590
2026-10-05 23:06;Ayuda en Acción;Desarrollo Económico;;Orientador/a Vocacional Profesional - A Coruña - Sustitución;;;;https://empleoayudaenaccion.talentclue.com/es/node/128869249/4590
2026-10-05 23:06;Ayuda en Acción;Desarrollo Económico;;Técnico en Agronegocios y transformación de productos agroalimentarios, Nicaragua;;;;https://empleoayudaenaccion.talentclue.com/es/node/128392603/4590
2026-10-05 23:06;Ayuda en Acción;Desarrollo Económico;;Técnico/a de Educación Valles Interandinos, Tupiza, Potosí - Chuquisaca;;;;https://empleoayudaenaccion.talentclue.com/es/node/128306872/4590
2026-10-05 23:06;CARE Colombia;Humanitario;;Consultoría para la Elaboración de un Informe de Evaluación de Necesidades_2026;;;;https://carecolombiaong.org/trabajo/consultoria-para-la-elaboracion-de-un-informe-de-evaluacion-de-necesidades_2026
2026-10-05 23:06;CARE Colombia;Humanitario;;Coordinación de Alianzas con el Sector Privado;;;;https://carecolombiaong.org/?post_type=job_listing&p=3102
2026-10-05 23:06;CARE Colombia;Humanitario;;Dirección de Unidad de Apoyo;;;;https://carecolombiaong.org/?post_type=job_listing&p=2999
2026-10-05 23:06;Conservación Internacional Colombia;Sostenibilidad;;Convocatoria no coordinación técnica del proyecto estrategia regional de economía azul sostenible del cmar;;;;http://www.conservation.org.co/Convocatorias/convocatoria-no.-coordinación-técnica-del-proyecto-estrategia-regional-de-economía-azul-sostenible-del-cmar
2026-10-05 23:06;Conservation Careers;Sostenibilidad;;Chief Executive Officer;;;;https://www.conservation-careers.com/job/chief-executive-officer-2
2026-10-05 23:06;Conservation Careers;Sostenibilidad;;Chief Program Officer;;;;https://www.conservation-careers.com/job/island-conservation-remote-senior-chief-program-officer
2026-10-05 23:06;Conservation Careers;Sostenibilidad;;Conservation Researcher;;;;https://www.conservation-careers.com/job/conservation-researcher
2026-10-05 23:06;Conservation Careers;Sostenibilidad;;Digital Marketing Manager;;;;https://www.conservation-careers.com/job/nature-impact-redhill-surrey-uk-entry-level-graduate-mid-level-senior-digital-marketing-manager
2026-10-05 23:06;Conservation Careers;Sostenibilidad;;Director or Senior Director of Government Relations, New York State;;;;https://www.conservation-careers.com/job/open-space-institute-albany-ny-usa-senior-director-or-senior-director-of-government-relations-new-york-state
2026-10-05 23:06;Conservation Careers;Sostenibilidad;;Donor Communications Manager, Florida;;;;https://www.conservation-careers.com/job/donor-communications-manager-florida-2
2026-10-05 23:06;Conservation Careers;Sostenibilidad;;Executive Director;;;;https://www.conservation-careers.com/job/executive-director-3
2026-10-05 23:06;Conservation Careers;Sostenibilidad;;Farm and Community Engagement Officer – River Irfon Integrated Natural Resources Scheme;;;;https://www.conservation-careers.com/job/farm-and-community-engagement-officer-river-irfon-integrated-natural-resources-scheme
2026-10-05 23:06;Conservation Careers;Sostenibilidad;;Field Operations Manager;;;;https://www.conservation-careers.com/job/hawks-east-bay-berkeley-ca-usa-mid-level-field-operations-manager
2026-10-05 23:06;Conservation Careers;Sostenibilidad;;Fundraising and Communications Manager;;;;https://www.conservation-careers.com/job/pandrillus-cameroon-limbe-wildlife-centre-limbe-cameroon-entry-level-graduate-mid-level-volunteer-internships-fundraising-and-communications-manager
2026-10-05 23:06;Conservation Careers;Sostenibilidad;;Habitats and Species Officer – River Irfon Integrated Natural Resources Scheme;;;;https://www.conservation-careers.com/job/habitats-and-species-officer-river-irfon-integrated-natural-resources-scheme
2026-10-05 23:06;Conservation Careers;Sostenibilidad;;Operations, Permits & Logistics Officer;;;;https://www.conservation-careers.com/job/operations-permits-logistics-officer
2026-10-05 23:06;Conservation Careers;Sostenibilidad;;Peatland Officer- WildLand Nature;;;;https://www.conservation-careers.com/job/peatland-officer-wildland-nature
2026-10-05 23:06;Conservation Careers;Sostenibilidad;;Research Officer, External Insight & Private Sector;;;;https://www.conservation-careers.com/job/fauna-flora-cambridge-mid-level-research-officer-external-insight-private-sector
2026-10-05 23:06;Conservation Careers;Sostenibilidad;;Senior Technical Specialist, Governance & Livelihoods, Liberia;;;;https://www.conservation-careers.com/job/fauna-flora-monrovia-liberia-mid-level-senior-technical-specialist-governance-livelihoods-liberia
2026-10-05 23:06;Conservation Careers;Sostenibilidad;;Technical Advisor Research – Sierra Leone;;;;https://www.conservation-careers.com/job/technical-advisor-research-sierra-leone
2026-10-05 23:06;Conservation Careers;Sostenibilidad;;Wildlife Conservation Research Assistant;;;;https://www.conservation-careers.com/job/operation-wallacea-entry-level-graduate-career-switcher-volunteer-internships-wildlife-conservation-research-assistant
2026-10-05 23:06;Corus International;Humanitario;;Director of Finance and Administration, Health Unit -3 (European Union);;;;https://corus.applicantpro.com/jobs/3854451
2026-10-05 23:06;Corus International;Humanitario;;Director, Data Systems, MERL (Global Health);;;;https://corus.applicantpro.com/jobs/4230884
2026-10-05 23:06;Corus International;Humanitario;;Director, Knowledge Management & Communications;;;;https://corus.applicantpro.com/jobs/4232157
2026-10-05 23:06;Corus International;Humanitario;;Director, Monitoring, Evaluation, Research and Learning (MERL) - HIV Activity - Ukraine;;;;https://corus.applicantpro.com/jobs/4137395
2026-10-05 23:06;Corus International;Humanitario;;Front Desk/Office Assistant , Ikom;;;;https://corus.applicantpro.com/jobs/4206479
2026-10-05 23:06;Corus International;Humanitario;;Front Desk/Office Assistant , Ikom;;;;https://corus.applicantpro.com/jobs/4206797
2026-10-05 23:06;Corus International;Humanitario;;Functional Analyst/ Scrum Master (Development & Implementation of Social Registry System - El Salvador);;;;https://corus.applicantpro.com/jobs/3858655
2026-10-05 23:06;Corus International;Humanitario;;Gerente Sénior de Proyecto, OCIDA;;;;https://corus.applicantpro.com/jobs/4230503
2026-10-05 23:06;Corus International;Humanitario;;Gerente Sénior de Proyecto, OCIDA;;;;https://corus.applicantpro.com/jobs/4230507
2026-10-05 23:06;Corus International;Humanitario;;Manager, General Accounting;;;;https://corus.applicantpro.com/jobs/4195255
2026-10-05 23:06;Corus International;Humanitario;;Monitoring, Evaluation, and Learning (MERL) Manager, Health Unit -3 (European Union);;;;https://corus.applicantpro.com/jobs/3854424
2026-10-05 23:06;Corus International;Humanitario;;Project Director, Health Unit -3 (European Union);;;;https://corus.applicantpro.com/jobs/3852850
2026-10-05 23:06;Corus International;Humanitario;;Project Manager (Development & Implementation of Social Registry System - El Salvador);;;;https://corus.applicantpro.com/jobs/3858634
2026-10-05 23:06;Corus International;Humanitario;;Project Manager-Health and Disaster Risk Reduction (Vietnam);;;;https://corus.applicantpro.com/jobs/4218406
2026-10-05 23:06;Corus International;Humanitario;;Project Officer - Burkina Faso;;;;https://corus.applicantpro.com/jobs/4211000
2026-10-05 23:06;Corus International;Humanitario;;Senior Finance & Administration Manager, MIHR;;;;https://corus.applicantpro.com/jobs/4195015
2026-10-05 23:06;Corus International;Humanitario;;Technical Manager, MERL;;;;https://corus.applicantpro.com/jobs/4232517
2026-10-05 23:06;Corus International;Humanitario;;Technical Manager, Monitoring, Evaluation, Research and Learning (MERL);;;;https://corus.applicantpro.com/jobs/4040972
2026-10-05 23:06;Dejusticia;Evaluación;;Convocatoria pasantias dejusticia para el 2026;;;;https://www.dejusticia.org/convocatoria-pasantias-dejusticia-para-el-2026-1
2026-10-05 23:06;DT Global;Implementador;;Administration Officer Samoa;;;;https://lde.tbe.taleo.net/lde01/ats/careers/v2/searchResults?next=&rowFrom=10&act=null&sortColumn=null&sortOrder=null&currentTime=1791259602608
2026-10-05 23:06;Federación Nacional de Cacaoteros Fedecacao;Gremio;;Consultoría técnica pronóstico de cosecha de cacao;;;;https://www.fedecacao.com.co/convocatorias-fedecacao/consultoria-tecnica-pronostico-de-cosecha-de-cacao
2026-10-05 23:06;Federación Nacional de Cacaoteros Fedecacao;Gremio;;Contador (a);;;;https://www.fedecacao.com.co/convocatorias-fedecacao/contador-a
2026-10-05 23:06;Fundación Ideas para la Paz;Humanitario;Sí;Analista financiero;;;;https://ideaspaz.org/convocatorias/2026-03/analista-financiero
2026-10-05 23:06;Fundación Ideas para la Paz;Humanitario;Sí;Analista financiero;;;;https://ideaspaz.org/convocatorias/2024-10/analista-financiero
2026-10-05 23:06;Fundación Ideas para la Paz;Humanitario;Sí;Asistente de investigacion del area de seguridad y gobernanza;;;;https://ideaspaz.org/convocatorias/2023-09/asistente-de-investigacion-del-area-de-seguridad-y-gobernanza
2026-10-05 23:06;Fundación Ideas para la Paz;Humanitario;Sí;Asistente de investigacion del area de seguridad y politica criminal fip;;;;https://ideaspaz.org/convocatorias/2022-04/asistente-de-investigacion-del-area-de-seguridad-y-politica-criminal-fip
2026-10-05 23:06;Fundación Ideas para la Paz;Humanitario;Sí;Auxiliar administrativo a de la fip generando equidad;;;;https://ideaspaz.org/convocatorias/2023-05/auxiliar-administrativo-a-de-la-fip-generando-equidad
2026-10-05 23:06;Fundación Ideas para la Paz;Humanitario;Sí;Auxiliar contable de la fip;;;;https://ideaspaz.org/convocatorias/2022-09/auxiliar-contable-de-la-fip
2026-10-05 23:06;Fundación Ideas para la Paz;Humanitario;Sí;Auxiliar de compras de la fip;;;;https://ideaspaz.org/convocatorias/2022-10/auxiliar-de-compras-de-la-fip
2026-10-05 23:06;Fundación Ideas para la Paz;Humanitario;Sí;Consultoria en tic y educacion;;;;https://ideaspaz.org/convocatorias/2024-03/consultoria-en-tic-y-educacion
2026-10-05 23:06;Fundación Ideas para la Paz;Humanitario;Sí;Coordinacion de talento humano y desarrollo organizacional;;;;https://ideaspaz.org/convocatorias/2026-08/coordinacion-de-talento-humano-y-desarrollo-organizacional
2026-10-05 23:06;Fundación Ideas para la Paz;Humanitario;Sí;Directora de proyecto area de seguridad y politica criminal de la fip;;;;https://ideaspaz.org/convocatorias/2022-06/directora-de-proyecto-area-de-seguridad-y-politica-criminal-de-la-fip
2026-10-05 23:06;Fundación Ideas para la Paz;Humanitario;Sí;Especialista en comunicaciones para el area de comunicaciones de la fip;;;;https://ideaspaz.org/convocatorias/2021-08/especialista-en-comunicaciones-para-el-area-de-comunicaciones-de-la-fip
2026-10-05 23:06;Fundación Ideas para la Paz;Humanitario;Sí;Especialista tecnico en enfoque de genero para la alianza cacao conecta;;;;https://ideaspaz.org/convocatorias/2021-11/especialista-tecnico-en-enfoque-de-genero-para-la-alianza-cacao-conecta
2026-10-05 23:06;Fundación Ideas para la Paz;Humanitario;Sí;Especialista tecnico en gobernanza y participacion ciudadana para la alianza cacao conecta;;;;https://ideaspaz.org/convocatorias/2021-11/especialista-tecnico-en-gobernanza-y-participacion-ciudadana-para-la-alianza-cacao-conecta
2026-10-05 23:06;Fundación Ideas para la Paz;Humanitario;Sí;Especialista tecnico en juventud para la alianza cacao conecta;;;;https://ideaspaz.org/convocatorias/2021-11/especialista-tecnico-en-juventud-para-la-alianza-cacao-conecta
2026-10-05 23:06;Fundación Ideas para la Paz;Humanitario;Sí;Gestor digital para el area de comunicaciones de la fip;;;;https://ideaspaz.org/convocatorias/2021-08/gestor-digital-para-el-area-de-comunicaciones-de-la-fip
2026-10-05 23:06;Fundación Ideas para la Paz;Humanitario;Sí;Gestora municipal apartado para la alianza cacao conecta ejecutada por la fip;;;;https://ideaspaz.org/convocatorias/2021-11/gestora-municipal-apartado-para-la-alianza-cacao-conecta-ejecutada-por-la-fip
2026-10-05 23:06;Fundación Ideas para la Paz;Humanitario;Sí;Gestora municipal dabeiba para la alianza cacao coneca ejecutada por la fip;;;;https://ideaspaz.org/convocatorias/2021-11/gestora-municipal-dabeiba-para-la-alianza-cacao-coneca-ejecutada-por-la-fip
2026-10-05 23:06;Fundación Ideas para la Paz;Humanitario;Sí;Gestora municipal turbo para la alianza cacao conecta ejecutada por la fip;;;;https://ideaspaz.org/convocatorias/2021-11/gestora-municipal-turbo-para-la-alianza-cacao-conecta-ejecutada-por-la-fip
2026-10-05 23:06;Fundación Ideas para la Paz;Humanitario;Sí;Gestora regional para ituango y toledo antioquia proyecto ruta de la confianza;;;;https://ideaspaz.org/convocatorias/2022-03/gestora-regional-para-ituango-y-toledo-antioquia-proyecto-ruta-de-la-confianza
2026-10-05 23:06;Fundación Ideas para la Paz;Humanitario;Sí;Gestora territorial para promover la equidad de genero;;;;https://ideaspaz.org/convocatorias/2021-11/gestora-territorial-para-promover-la-equidad-de-genero
2026-10-05 23:06;Fundación Ideas para la Paz;Humanitario;Sí;Investigador a senior para el area de conducta empresarial responsable;;;;https://ideaspaz.org/convocatorias/2022-09/investigador-a-senior-para-el-area-de-conducta-empresarial-responsable
2026-10-05 23:06;Fundación Ideas para la Paz;Humanitario;Sí;Investigador experto en analisis financiero presupuestal fiscal y o actuarial;;;;https://ideaspaz.org/convocatorias/2025-02/investigador-experto-en-analisis-financiero-presupuestal-fiscal-y-o-actuarial
2026-10-05 23:06;Fundación Ideas para la Paz;Humanitario;Sí;Investigador experto en derecho y jurisprudencia del area de conflicto y seguridad;;;;https://ideaspaz.org/convocatorias/2025-02/investigador-experto-en-derecho-y-jurisprudencia-del-area-de-conflicto-y-seguridad
2026-10-05 23:06;Fundación Ideas para la Paz;Humanitario;Sí;Investigador principal de proyecto del area seguridad y gobernanza de la fip;;;;https://ideaspaz.org/convocatorias/2022-03/investigador-principal-de-proyecto-del-area-seguridad-y-gobernanza-de-la-fip
2026-10-05 23:06;Fundación Ideas para la Paz;Humanitario;Sí;Investigadora del area de conducta empresarial responsable cer;;;;https://ideaspaz.org/convocatorias/2022-07/investigadora-del-area-de-conducta-empresarial-responsable-cer
2026-10-05 23:06;Fundación Ideas para la Paz;Humanitario;Sí;Investigadora en empoderamiento economico con enfoque de genero;;;;https://ideaspaz.org/convocatorias/2021-11/investigadora-en-empoderamiento-economico-con-enfoque-de-genero
2026-10-05 23:06;Fundación Ideas para la Paz;Humanitario;Sí;Investigadora junior del area de conducta empresarial responsable cer;;;;https://ideaspaz.org/convocatorias/2022-07/investigadora-junior-del-area-de-conducta-empresarial-responsable-cer
2026-10-05 23:06;Fundación Ideas para la Paz;Humanitario;Sí;Investigadora junior en asuntos de genero;;;;https://ideaspaz.org/convocatorias/2022-07/investigadora-junior-en-asuntos-de-genero
2026-10-05 23:06;Fundación Ideas para la Paz;Humanitario;Sí;Profesional en comunicaciones;;;;https://ideaspaz.org/convocatorias/2021-11/profesional-en-comunicaciones
2026-10-05 23:06;Gender Jobs;Agregador;;Policy and advocacy lead;;;;https://www.ethicaljobs.com.au/members/wdv/policy-and-advocacy-lead
2026-10-05 23:06;Global Charity Jobs;Agregador;;Director of programme delivery;;;;https://globalcharityjobs.com/jobs/director-of-programme-delivery
2026-10-05 23:06;Global Charity Jobs;Agregador;;Director program impact;;;;https://globalcharityjobs.com/jobs/director-program-impact
2026-10-05 23:06;Global Charity Jobs;Agregador;;Filantropie expert;;;;https://globalcharityjobs.com/jobs/filantropie-expert
2026-10-05 23:06;Global Charity Jobs;Agregador;;Head of africa region;;;;https://globalcharityjobs.com/jobs/head-of-africa-region
2026-10-05 23:06;Global Charity Jobs;Agregador;;Head of fundraising;;;;https://globalcharityjobs.com/jobs/head-of-fundraising
2026-10-05 23:06;Global Charity Jobs;Agregador;;Head of fundraising marketing;;;;https://globalcharityjobs.com/jobs/head-of-fundraising-marketing
2026-10-05 23:06;Global Charity Jobs;Agregador;;Head of philanthropy;;;;https://globalcharityjobs.com/jobs/head-of-philanthropy
2026-10-05 23:06;Global Charity Jobs;Agregador;;Palestine and gulf strategic partnerships senior advisor;;;;https://globalcharityjobs.com/jobs/palestine-and-gulf-strategic-partnerships-senior-advisor
2026-10-05 23:06;Global Charity Jobs;Agregador;;Programme officer environment programme with focus on chile;;;;https://globalcharityjobs.com/jobs/programme-officer-environment-programme-with-focus-on-chile
2026-10-05 23:06;Global Charity Jobs;Agregador;;Programme officer environment programme with focus on global wildlife trafficking and conservation in brazil and neighbouring countries;;;;https://globalcharityjobs.com/jobs/programme-officer-environment-programme-with-focus-on-global-wildlife-trafficking-and-conservation-in-brazil-and-neighbouring-countries
2026-10-05 23:06;Impact Source;Agregador;;Associate Director, Responsible AI Solutions;;;;https://fordfoundation.wd1.myworkdayjobs.com/FordFoundationCareerPage/job/New-York-USA/Associate-Director--Responsible-AI-Solutions_R1300
2026-10-05 23:06;Impact Source;Agregador;;Associate Director, Responsible AI Solutions;;;;https://www.impactsource.ai/jobs/ford-foundation
2026-10-05 23:06;Impact Source;Agregador;;Associate Manager, Program Operations;;;;https://www.impactsource.ai/jobs/icf
2026-10-05 23:06;Impact Source;Agregador;;Associate Manager, Program Operations;;;;https://icf.wd5.myworkdayjobs.com/ICFExternal_Career_Site/job/Phoenix-AZ/Associate-Manager--Program-Operations_R2603325
2026-10-05 23:06;Impact Source;Agregador;;Energy Engineer;;;;https://careers-cadmusgroup.icims.com/jobs/3247/energy-engineer/job
2026-10-05 23:06;Impact Source;Agregador;;Energy Engineer;;;;https://www.impactsource.ai/jobs/the-cadmus-group
2026-10-05 23:06;Impact Source;Agregador;;Program Specialist, Energy Efficiency;;;;https://icf.wd5.myworkdayjobs.com/ICFExternal_Career_Site/job/St-Paul-MN/Program-Specialist--Energy-Efficiency_R2603332
2026-10-05 23:06;Impact Source;Agregador;;Public Affairs Manager, New Market Development;;;;https://careers.google.com/jobs/results/113032908704228038-public-affairs-manager
2026-10-05 23:06;Impact Source;Agregador;;Public Affairs Manager, New Market Development;;;;https://www.impactsource.ai/jobs/google-public-policy
2026-10-05 23:06;Impact Source;Agregador;;Public Affairs Manager, New Market Development;;;;https://www.impactsource.ai/jobs/google-org
2026-10-05 23:06;Impact Source;Agregador;;Senior Environmental Project Manager;;;;https://icf.wd5.myworkdayjobs.com/ICFExternal_Career_Site/job/Austin-TX/Senior-Environmental-Project-Manager_R2603352
2026-10-05 23:06;Impact Source;Agregador;;Senior Manager, Energy Efficiency and Electrification Programs;;;;https://icf.wd5.myworkdayjobs.com/ICFExternal_Career_Site/job/Seattle-WA/Senior-Manager--Energy-Efficiency-and-Electrification-Programs_R2603350
2026-10-05 23:06;International Development & NGO Jobs;Agregador;;Director;;;;https://devnetjobs.org/jobdescription.aspx?job_id=316471
2026-10-05 23:06;International Development & NGO Jobs;Agregador;;Executive Assistant;;;;https://devnetjobs.org/jobdescription.aspx?job_id=316472
2026-10-05 23:06;International Development & NGO Jobs;Agregador;;Knowledge and Communications Lead;;;;https://devnetjobs.org/jobdescription.aspx?job_id=316266
2026-10-05 23:06;International Development & NGO Jobs;Agregador;;Logistics Officer;;;;https://devnetjobs.org/jobdescription.aspx?job_id=316262
2026-10-05 23:06;International Development & NGO Jobs;Agregador;;Operations Associate;;;;https://devnetjobs.org/jobdescription.aspx?job_id=316193
2026-10-05 23:06;International Development & NGO Jobs;Agregador;;Senior Manager;;;;https://devnetjobs.org/jobdescription.aspx?job_id=316367
2026-10-05 23:06;International Development & NGO Jobs;Agregador;;Sr Assistant;;;;https://devnetjobs.org/jobdescription.aspx?job_id=316614
2026-10-05 23:06;International Development & NGO Jobs;Agregador;;Technical Advisor;;;;https://devnetjobs.org/jobdescription.aspx?job_id=316402
2026-10-05 23:06;International Federation of Red Cross and Red Crescent Societies (IFRC);Humanitario;;Advisor, Human Capability Transformation;;;;https://careers.ifrc.org/lumesse_jobdescription.html?jobId=161194&jobTitle=Advisor%2C+Human+Capability+Transformation
2026-10-05 23:06;International Federation of Red Cross and Red Crescent Societies (IFRC);Humanitario;;Assistant, Finance;;;;https://careers.ifrc.org/lumesse_jobdescription.html?jobId=161167&jobTitle=Assistant%2C+Finance
2026-10-05 23:06;International Federation of Red Cross and Red Crescent Societies (IFRC);Humanitario;;Consultant, Supply Chain Digital Solutions & Data;;;;https://careers.ifrc.org/lumesse_jobdescription.html?jobId=161253&jobTitle=Consultant%2C+Supply+Chain+Digital+Solutions+%26+Data+
2026-10-05 23:06;International Federation of Red Cross and Red Crescent Societies (IFRC);Humanitario;;Head of Audit;;;;https://careers.ifrc.org/lumesse_jobdescription.html?jobId=161005&jobTitle=Head+of+Audit
2026-10-05 23:06;International Federation of Red Cross and Red Crescent Societies (IFRC);Humanitario;;Logistics Officer;;;;https://careers.ifrc.org/lumesse_jobdescription.html?jobId=161190&jobTitle=Logistics+Officer
2026-10-05 23:06;International Federation of Red Cross and Red Crescent Societies (IFRC);Humanitario;;Officer, Administration;;;;https://careers.ifrc.org/lumesse_jobdescription.html?jobId=161181&jobTitle=Officer%2C+Administration
2026-10-05 23:06;International Federation of Red Cross and Red Crescent Societies (IFRC);Humanitario;;Officer, Logistics and Fleet;;;;https://careers.ifrc.org/lumesse_jobdescription.html?jobId=161191&jobTitle=Officer%2C+Logistics+and+Fleet
2026-10-05 23:06;Internet Society;Tecnología;;Content Communications Manager;;;;https://internetsociety.bamboohr.com/careers/343
2026-10-05 23:06;Internet Society;Tecnología;;Legal Operations Specialist;;;;https://internetsociety.bamboohr.com/careers/342
2026-10-05 23:06;Internet Society;Tecnología;;Senior Manager, Accounting;;;;https://internetsociety.bamboohr.com/careers/336
2026-10-05 23:06;IsraAID Colombia;Humanitario;;Call for Arabic-speaking Humanitarian Professionals;;;;https://israaid.bamboohr.com/careers/335
2026-10-05 23:06;IsraAID Colombia;Humanitario;;Finance Officer- Vanuatu- National Position;;;;https://israaid.bamboohr.com/careers/363
2026-10-05 23:06;IsraAID Colombia;Humanitario;;Head Of Mission Venezuela;;;;https://israaid.bamboohr.com/careers/344
2026-10-05 23:06;IsraAID Colombia;Humanitario;;Nutrition Technical Advisor;;;;https://israaid.bamboohr.com/careers/341
2026-10-05 23:06;IsraAID Colombia;Humanitario;;Programme Manager- Vanuatu;;;;https://israaid.bamboohr.com/careers/366
2026-10-05 23:06;IsraAID Colombia;Humanitario;;Project Officer- Vanuatu- National Position;;;;https://israaid.bamboohr.com/careers/365
2026-10-05 23:06;IsraAID Colombia;Humanitario;;Regional Director- Africa;;;;https://israaid.bamboohr.com/careers/368
2026-10-05 23:06;IsraAID Colombia;Humanitario;;Senior Development Officer;;;;https://israaid.bamboohr.com/careers/359
2026-10-05 23:06;IsraAID Colombia;Humanitario;;WASH Consultant;;;;https://israaid.bamboohr.com/careers/316
2026-10-05 23:06;Johnson & Johnson;Salud;;Analyst Learning Delivery;;;;https://www.careers.jnj.com/en/jobs/r-102311/analyst-learning-delivery
2026-10-05 23:06;Johnson & Johnson;Salud;;Business Solutions Manager;;;;https://www.careers.jnj.com/en/jobs/r-101781/business-solutions-manager
2026-10-05 23:06;Johnson & Johnson;Salud;;Country Finance Manager (CFM) Innovative Medicine;;;;https://www.careers.jnj.com/en/jobs/r-101028/country-finance-manager-cfm-innovative-medicine
2026-10-05 23:06;Johnson & Johnson;Salud;;Digital Business Solutions Lead;;;;https://www.careers.jnj.com/en/jobs/r-100651/digital-business-solutions-lead
2026-10-05 23:06;Johnson & Johnson;Salud;;Investigations Triage Specialist;;;;https://www.careers.jnj.com/en/jobs/r-102839/investigations-triage-specialist
2026-10-05 23:06;Johnson & Johnson;Salud;;Lead Financial Analyst - SAP S/4HANA General Ledger, Interfaces and Direct Material AP Automation;;;;https://www.careers.jnj.com/en/jobs/r-101696/lead-financial-analyst-sap-s4hana-general-ledger-interfaces-and-direct-material-ap-automation
2026-10-05 23:06;Johnson & Johnson;Salud;;Manager, Digital Product Manager;;;;https://www.careers.jnj.com/en/jobs/r-100649/manager-digital-product-manager
2026-10-05 23:06;Johnson & Johnson;Salud;;P.O.L.O. Associate;;;;https://www.careers.jnj.com/en/jobs/r-102567/polo-associate
2026-10-05 23:06;Johnson & Johnson;Salud;;Payroll DS Manager;;;;https://www.careers.jnj.com/en/jobs/r-090226/payroll-ds-manager
2026-10-05 23:06;Johnson & Johnson;Salud;;Regional Sr Medical Manager Oncology LATAM;;;;https://www.careers.jnj.com/en/jobs/r-103066/regional-sr-medical-manager-oncology-latam
2026-10-05 23:06;Johnson & Johnson;Salud;;Senior Finance Analyst SFA CFM Corporate;;;;https://www.careers.jnj.com/en/jobs/r-101172/senior-finance-analyst-sfa-cfm-corporate
2026-10-05 23:06;Johnson & Johnson;Salud;;Senior Manager, Country Finance Manager MedTech US and Abiomed Global;;;;https://www.careers.jnj.com/en/jobs/r-103101/senior-manager-country-finance-manager-medtech-us-and-abiomed-global
2026-10-05 23:06;Johnson & Johnson;Salud;;Sr Finance Manager CFM IM Americas;;;;https://www.careers.jnj.com/en/jobs/r-103100/sr-finance-manager-cfm-im-americas
2026-10-05 23:06;Johnson & Johnson;Salud;;Sr Finance Manager, CFM Corporate, Vision Care Americas and Surgical Vision Global;;;;https://www.careers.jnj.com/en/jobs/r-103102/sr-finance-manager-cfm-corporate-vision-care-americas-and-surgical-vision-global
2026-10-05 23:06;Johnson & Johnson;Salud;;Strategy Enablement Team Lead LATAM IM;;;;https://www.careers.jnj.com/en/jobs/r-100491/strategy-enablement-team-lead-latam-im
2026-10-05 23:06;Kiva;Inversión de Impacto;;Fellowship;;;;https://www.careers.kiva.org/fellowships
2026-10-05 23:06;Kiva;Inversión de Impacto;;Investment Associate - Bangkok;;;;https://boards.greenhouse.io/kivaorg/jobs/8207254?gh_jid=8207254
2026-10-05 23:06;Kiva;Inversión de Impacto;;Principal Product Manager;;;;https://boards.greenhouse.io/kivaorg/jobs/8227767?gh_jid=8227767
2026-10-05 23:06;MAG (Mines Advisory Group);Humanitario;;Community Liaison Manager, Ukraine;;;;https://apply.workable.com/j/109D9196BF
2026-10-05 23:06;MAG (Mines Advisory Group);Humanitario;;Corporate Finance Manager;;;;https://apply.workable.com/j/B05E7A1606
2026-10-05 23:06;MAG (Mines Advisory Group);Humanitario;;Financial Analyst (Ukraine Programme Support);;;;https://apply.workable.com/j/55E08980B8
2026-10-05 23:06;MAG (Mines Advisory Group);Humanitario;;Programme Officer;;;;https://apply.workable.com/j/4E19C9E442
2026-10-05 23:06;MAG (Mines Advisory Group);Humanitario;;Senior Technical Advisor - Capacity Development;;;;https://apply.workable.com/j/908856C031
2026-10-05 23:06;MAG (Mines Advisory Group);Humanitario;;Technical Field Manager;;;;https://apply.workable.com/j/0060E85B58
2026-10-05 23:06;MAG (Mines Advisory Group);Humanitario;;Technical Field Manager, Peru;;;;https://apply.workable.com/j/73385FF030
2026-10-05 23:06;MAG (Mines Advisory Group);Humanitario;;Technical Field Manager, Syria;;;;https://apply.workable.com/j/E7B229AD37
2026-10-05 23:06;Matteria;Agregador;;Valentina Zavala Sáenz Associate Consultant;;;;https://jobs.matteria.co/en/people/1919-valentina-zavala-saenz
2026-10-05 23:06;Matteria;Agregador;;Vania Donoso Consultora Asociada;;;;https://jobs.matteria.co/en/people/2157-vania-donoso
2026-10-05 23:06;Ministerio de Educación Nacional;Gobierno;;Asistencia técnica a las Instituciones de Educación Superior (IES) Colombianas para fortalecer sus planes de permanencia en el marco del Contrato de préstamo BID 5850/OC-CO Contenido;;;;https://www.mineducacion.gov.co/portal/salaprensa/Calendario-de-actividades-y-eventos/427010:Asistencia-tecnica-a-las-Instituciones-de-Educacion-Superior-IES-Colombianas-para-fortalecer-sus-planes-de-permanencia-en-el-marco-del-Contrato-de-prestamo-BID-5850-OC-CO-Contenido
2026-10-05 23:06;Ministerio de Educación Nacional;Gobierno;;AVISO DE CONVOCATORIA PROCESO SA-MEN-05-2026;;;;https://www.mineducacion.gov.co/portal/salaprensa/Calendario-de-actividades-y-eventos/429166:AVISO-DE-CONVOCATORIA-PROCESO-SA-MEN-05-2026
2026-10-05 23:06;Ministerio de Educación Nacional;Gobierno;;AVISO DE CONVOCATORIA PROCESO SA-MEN-08-2026;;;;https://www.mineducacion.gov.co/portal/salaprensa/Calendario-de-actividades-y-eventos/429354:AVISO-DE-CONVOCATORIA-PROCESO-SA-MEN-08-2026
2026-10-05 23:06;Ministerio de Educación Nacional;Gobierno;;AVISO DE CONVOCATORIA PROCESO SA-MEN-09-2026;;;;https://www.mineducacion.gov.co/portal/salaprensa/Calendario-de-actividades-y-eventos/429325:AVISO-DE-CONVOCATORIA-PROCESO-SA-MEN-09-2026
2026-10-05 23:06;Ministerio de Educación Nacional;Gobierno;;AVISO DE CONVOCATORIA PROCESO SUBASTA INVERSA SA-MEN-11-2026;;;;https://www.mineducacion.gov.co/portal/salaprensa/Calendario-de-actividades-y-eventos/430923:AVISO-DE-CONVOCATORIA-PROCESO-SUBASTA-INVERSA-SA-MEN-11-2026
2026-10-05 23:06;Ministerio de Educación Nacional;Gobierno;;"Convocatoria ""Implementación del programa de tránsito inmediato a la Educación Superior en el marco del documento CONPES 4122 y el contrato de préstamo N° 5850/OC-CO Macrorregión Amazonía"" vigencia 20";;;;https://www.mineducacion.gov.co/portal/salaprensa/Calendario-de-actividades-y-eventos/427355:Convocatoria-Implementacion-del-programa-de-transito-inmediato-a-la-Educacion-Superior-en-el-marco-del-documento-CONPES-4122-y-el-contrato-de-prestamo-N-5850-OC-CO-Macrorregion-Amazonia-vigencia-2026
2026-10-05 23:06;Ministerio de Educación Nacional;Gobierno;;Convocatoria para acompañar e implementar la Estrategia de Educación Inicial itinerante orientada al acceso y la permanencia educativa en la ruralidad y la ruralidad dispersa;;;;https://www.mineducacion.gov.co/portal/salaprensa/Calendario-de-actividades-y-eventos/426989:Convocatoria-para-acompanar-e-implementar-la-Estrategia-de-Educacion-Inicial-itinerante-orientada-al-acceso-y-la-permanencia-educativa-en-la-ruralidad-y-la-ruralidad-dispersa
2026-10-05 23:06;Ministerio de Educación Nacional;Gobierno;;Convocatoria para el fortalecimiento institucional, de la calidad y la pertinencia territorial en la Educación Superior;;;;https://www.mineducacion.gov.co/portal/salaprensa/Calendario-de-actividades-y-eventos/427621:Convocatoria-para-el-fortalecimiento-institucional-de-la-calidad-y-la-pertinencia-territorial-en-la-Educacion-Superior
2026-10-05 23:06;Ministerio de Educación Nacional;Gobierno;;Convocatoria para la designación de la representación principal y suplente de los (as) estudiantes universitarios ante la junta administradora de la política de gratuidad en la matrícula;;;;https://www.mineducacion.gov.co/portal/salaprensa/Calendario-de-actividades-y-eventos/427717:Convocatoria-para-la-designacion-de-la-representacion-principal-y-suplente-de-los-as-estudiantes-universitarios-ante-la-junta-administradora-de-la-politica-de-gratuidad-en-la-matricula
2026-10-05 23:06;Ministerio de Educación Nacional;Gobierno;;Convocatoria para la elección del representante de los estudiantes de las Instituciones de Educación Superior públicas ante la Junta Administradora de la Política de Gratuidad en la Matrícula;;;;https://www.mineducacion.gov.co/portal/salaprensa/Calendario-de-actividades-y-eventos/427534:Convocatoria-para-la-eleccion-del-representante-de-los-estudiantes-de-las-Instituciones-de-Educacion-Superior-publicas-ante-la-Junta-Administradora-de-la-Politica-de-Gratuidad-en-la-Matricula
2026-10-05 23:06;Ministerio de Educación Nacional;Gobierno;;Convocatoria para la selección de oferentes de formación continua para el acompañamiento socioemocional en la educación inicial, con énfasis en situaciones de emergencia | Ministerio de Educación Naci;;;;https://www.mineducacion.gov.co/portal/salaprensa/Calendario-de-actividades-y-eventos/429726:Convocatoria-para-la-seleccion-de-oferentes-de-formacion-continua-para-el-acompanamiento-socioemocional-en-la-educacion-inicial-con-enfasis-en-situaciones-de-emergencia-Ministerio-de-Educacion-Nacional
2026-10-05 23:06;Ministerio de Educación Nacional;Gobierno;;Convocatoria pública CM-MEN-01-2026;;;;https://www.mineducacion.gov.co/portal/salaprensa/Calendario-de-actividades-y-eventos/429240:Convocatoria-publica-CM-MEN-01-2026
2026-10-05 23:06;Ministerio de Educación Nacional;Gobierno;;Convocatoria pública CM-MEN-02-2026;;;;https://www.mineducacion.gov.co/portal/salaprensa/Calendario-de-actividades-y-eventos/429263:Convocatoria-publica-CM-MEN-02-2026
2026-10-05 23:06;Ministerio de Educación Nacional;Gobierno;;Convocatoria pública CM-MEN-03-2026;;;;https://www.mineducacion.gov.co/portal/salaprensa/Calendario-de-actividades-y-eventos/429373:Convocatoria-publica-CM-MEN-03-2026
2026-10-05 23:06;Ministerio de Educación Nacional;Gobierno;;Convocatoria pública CM-MEN-04-2026;;;;https://www.mineducacion.gov.co/portal/salaprensa/Calendario-de-actividades-y-eventos/429214:Convocatoria-publica-CM-MEN-04-2026
2026-10-05 23:06;Ministerio de Educación Nacional;Gobierno;;Convocatoria pública LP-MEN-01-2026;;;;https://www.mineducacion.gov.co/portal/salaprensa/Calendario-de-actividades-y-eventos/428962:Convocatoria-publica-LP-MEN-01-2026
2026-10-05 23:06;Ministerio de Educación Nacional;Gobierno;;Convocatoria Pública para la Postulación de Exámenes Estandarizados de Lenguas Extranjeras;;;;https://www.mineducacion.gov.co/portal/salaprensa/Calendario-de-actividades-y-eventos/429088:Convocatoria-Publica-para-la-Postulacion-de-Examenes-Estandarizados-de-Lenguas-Extranjeras
2026-10-05 23:06;Ministerio de Educación Nacional;Gobierno;;INVITACIÓN A PRESENTAR EXPRESIONES DE INTERÉS SERVICIOS DE CONSULTORÍA;;;;https://www.mineducacion.gov.co/portal/salaprensa/Calendario-de-actividades-y-eventos/427654:INVITACION-A-PRESENTAR-EXPRESIONES-DE-INTERES-SERVICIOS-DE-CONSULTORIA
2026-10-05 23:06;Mott MacDonald;Consultoría;;Airfield Lead;;;;https://www.mottmac.com/en/careers/explore-our-careers/airfield-lead-13505
2026-10-05 23:06;Mott MacDonald;Consultoría;;Graduate Engineer - NSW;;;;https://www.mottmac.com/en/careers/explore-our-careers/graduate-engineer---nsw-13761
2026-10-05 23:06;Mott MacDonald;Consultoría;;Graduate Engineer - QLD;;;;https://www.mottmac.com/en/careers/explore-our-careers/graduate-engineer---qld-13763
2026-10-05 23:06;Mott MacDonald;Consultoría;;Graduate Engineer - SA;;;;https://www.mottmac.com/en/careers/explore-our-careers/graduate-engineer---sa-13764
2026-10-05 23:06;Mott MacDonald;Consultoría;;Graduate Engineer - VIC;;;;https://www.mottmac.com/en/careers/explore-our-careers/graduate-engineer---vic-13762
2026-10-05 23:06;Mott MacDonald;Consultoría;;Principal Civil Engineer - Digital;;;;https://www.mottmac.com/en/careers/explore-our-careers/principal-civil-engineer---digital-12979
2026-10-05 23:06;Mott MacDonald;Consultoría;;Principal Piping Engineer;;;;https://www.mottmac.com/en/careers/explore-our-careers/principal-piping-engineer-12963
2026-10-05 23:06;Mott MacDonald;Consultoría;;Principal Safety Case Engineer;;;;https://www.mottmac.com/en/careers/explore-our-careers/principal-safety-case-engineer-12958
2026-10-05 23:06;Mott MacDonald;Consultoría;;Project Design Engineer;;;;https://www.mottmac.com/en/careers/explore-our-careers/project-design-engineer-13117
2026-10-05 23:06;Mott MacDonald;Consultoría;;Senior Electrical Engineer - @One Alliance;;;;https://www.mottmac.com/en/careers/explore-our-careers/senior-electrical-engineer---one-alliance-7612
2026-10-05 23:06;Mott MacDonald;Consultoría;;Senior Piping Engineer;;;;https://www.mottmac.com/en/careers/explore-our-careers/senior-piping-engineer-12962
2026-10-05 23:06;Mott MacDonald;Consultoría;;Senior Project Engineer Tunnels;;;;https://www.mottmac.com/en/careers/explore-our-careers/senior-project-engineer-tunnels-13648
2026-10-05 23:06;NGO Tenders;Agregador;;Asistente de Investigación II – Forrajes Tropicales;;;;https://ngotenders.net/job/asistente-de-investigacion-ii-forrajes-tropicales
2026-10-05 23:06;NGO Tenders;Agregador;;Assistant, Records Management (1 post + reserve List);;;;https://ngotenders.net/job/assistant-records-management-1-post-reserve-list
2026-10-05 23:06;NGO Tenders;Agregador;;Budget Associate, G-6, Fixed Term, Private Fund Raising and Partnerships, #00134117, Rome, Italy (Open to EU Citizens or Valid Italian Work Permit Holders);;;;https://ngotenders.net/job/budget-associate-g-6-fixed-term-private-fund-raising-and-partnerships-00134117-rome-italy-open-to-eu-citizens-or-valid-italian-work-permit-holders
2026-10-05 23:06;NGO Tenders;Agregador;;Consultant (e) pour le suivi de l’installation et la coordination des acteurs autour de l’ECOSTERYL, 11.5 mois, au bureau;;;;https://ngotenders.net/job/consultant-e-pour-le-suivi-de-linstallation-et-la-coordination-des-acteurs-autour-de-lecosteryl-11-5-mois-au-bureau
2026-10-05 23:06;NGO Tenders;Agregador;;Cybersecurity Manager;;;;https://ngotenders.net/job/cybersecurity-manager
2026-10-05 23:06;NGO Tenders;Agregador;;District Lead – TB;;;;https://ngotenders.net/job/district-lead-tb
2026-10-05 23:06;NGO Tenders;Agregador;;Education Specialist;;;;https://ngotenders.net/job/education-specialist
2026-10-05 23:06;NGO Tenders;Agregador;;FAO Representative in Togo;;;;https://ngotenders.net/job/fao-representative-in-togo
2026-10-05 23:06;NGO Tenders;Agregador;;Information Management Officer, P-2, TA, 364 days, #138647, Education Cannot Wait (ECW), UNITED Hosted Fund, Geneva, Switzerland;;;;https://ngotenders.net/job/information-management-officer-p-2-ta-364-days-138647-education-cannot-wait-ecw-united-hosted-fund-geneva-switzerland
2026-10-05 23:06;NGO Tenders;Agregador;;Marketing Associate, (G-6), FT, #00136604, Brasilia – Brazil, LACR;;;;https://ngotenders.net/job/marketing-associate-g-6-ft-00136604-brasilia-brazil-lacr
2026-10-05 23:06;NGO Tenders;Agregador;;Mechanical Engineer for the CMS High-Granularity Calorimeter (EP-CMS-EC-2026-190-LD);;;;https://ngotenders.net/job/mechanical-engineer-for-the-cms-high-granularity-calorimeter-ep-cms-ec-2026-190-ld
2026-10-05 23:06;NGO Tenders;Agregador;;National consultant – Information Management, Planning, Monitoring and Data, Regional Services WCAR, Dakar Senegal, office based, 6 months;;;;https://ngotenders.net/job/national-consultant-information-management-planning-monitoring-and-data-regional-services-wcar-dakar-senegal-office-based-6-months
2026-10-05 23:06;NGO Tenders;Agregador;;National Immunization Supply Chain Consultant (office based with travel);;;;https://ngotenders.net/job/national-immunization-supply-chain-consultant-office-based-with-travel-2
2026-10-05 23:06;NGO Tenders;Agregador;;Power System Physicist/Engineer for the CMS HGCAL (EP-CMS-EC-2026-189-LD);;;;https://ngotenders.net/job/power-system-physicist-engineer-for-the-cms-hgcal-ep-cms-ec-2026-189-ld
2026-10-05 23:06;NGO Tenders;Agregador;;Senior Fundraising Associate (F2F Agencies), (G-7), FT, #00138733, Mexico City – Mexico, LACR;;;;https://ngotenders.net/job/senior-fundraising-associate-f2f-agencies-g-7-ft-00138733-mexico-city-mexico-lacr
2026-10-05 23:06;NGO Tenders;Agregador;;Staff Assistant (Functional Area Services);;;;https://ngotenders.net/job/staff-assistant-functional-area-services
2026-10-05 23:06;OnPurpose Careers;Agregador;;18274938 sr performance advisor;;;;https://usopccareers.ttcportals.com/jobs/18274938-sr-performance-advisor?bid=56&tm_company=92373&tm_event=view&tm_job=613
2026-10-05 23:06;OnPurpose Careers;Agregador;;3a0581851e82 director partnerships;;;;https://prime-coalition.breezy.hr/p/3a0581851e82-director-partnerships
2026-10-05 23:06;OnPurpose Careers;Agregador;;A91b6529a961 director of public relations;;;;https://reach-out-and-read.breezy.hr/p/a91b6529a961-director-of-public-relations
2026-10-05 23:06;OnPurpose Careers;Agregador;;Chief executive officer;;;;https://add.org.uk/chief-executive-officer
2026-10-05 23:06;OnPurpose Careers;Agregador;;Chief growth operations officer head global;;;;https://www.headgloballlc.com/chief-growth-operations-officer-head-global
2026-10-05 23:06;OnPurpose Careers;Agregador;;Communications manager;;;;https://evitable.com/communications-manager
2026-10-05 23:06;OnPurpose Careers;Agregador;;Content Operations Manager RC91437;;;;https://americanredcross.wd1.myworkdayjobs.com/American_Red_Cross_Careers/job/Statewide-DC/Content-Operations-Manager_RC91437-1
2026-10-05 23:06;OnPurpose Careers;Agregador;;Director Campaign Operations R8633;;;;https://cityyear.wd5.myworkdayjobs.com/CityYear/job/Flexible/Director--Campaign-Operations_R8633
2026-10-05 23:06;OnPurpose Careers;Agregador;;Director data integration services;;;;https://www.edf.org/jobs/director-data-integration-services
2026-10-05 23:06;OnPurpose Careers;Agregador;;Director Development Operations And S;;;;https://goodpower.applytojob.com/apply/Lcq12tBRPJ/Director-Development-Operations-And-S
2026-10-05 23:06;OnPurpose Careers;Agregador;;Director Growth Initiatives 3 Openings;;;;https://careers.bloodcancerunited.org/us/en/job/TLLSUS1276EXTERNALENUS/Director-Growth-Initiatives-3-Openings
2026-10-05 23:06;OnPurpose Careers;Agregador;;Director of audience membership;;;;https://prisonjournalismproject.org/director-of-audience-membership
2026-10-05 23:06;OnPurpose Careers;Agregador;;Director of development;;;;https://constructivedialogue.recruitee.com/o/director-of-development
2026-10-05 23:06;OnPurpose Careers;Agregador;;Director Of Program Admissions Impact;;;;https://equitablehiringgroup.applytojob.com/apply/linYlFebrw/Director-Of-Program-Admissions-Impact
2026-10-05 23:06;OnPurpose Careers;Agregador;;Executive Director;;;;https://themorancompany.applytojob.com/apply/FboiwmLaHp/Executive-Director
2026-10-05 23:06;OnPurpose Careers;Agregador;;Finance hr associate;;;;https://nathancummings.org/career/finance-hr-associate
2026-10-05 23:06;OnPurpose Careers;Agregador;;Finance operations specialist;;;;https://protectdemocracy.recruitee.com/o/finance-operations-specialist
2026-10-05 23:06;OnPurpose Careers;Agregador;;Friends Of The Earth Executive Advisor Strategic Partnerships;;;;https://nrgconsultinggroup.applytojob.com/apply/4jUB8hXmcm/Friends-Of-The-Earth-Executive-Advisor-Strategic-Partnerships
2026-10-05 23:06;OnPurpose Careers;Agregador;;Instructional design specialist;;;;https://constructivedialogue.recruitee.com/o/instructional-design-specialist
2026-10-05 23:06;OnPurpose Careers;Agregador;;Lead Strategist Education Digital Innovation Full Time Limited Term Role 6 months 40hrsweek;;;;https://recruiting.paylocity.com/recruiting/jobs/Details/4546952/Intentional-Futures-LCC/Lead-Strategist-Education-Digital-Innovation-Full-Time-Limited-Term-Role-6-months-40hrsweek
2026-10-05 23:06;OnPurpose Careers;Agregador;;Manager coalition building;;;;https://disasterphilanthropy.org/about/careers/manager-coalition-building
2026-10-05 23:06;OnPurpose Careers;Agregador;;Paralegal litigation specialist;;;;https://protectdemocracy.recruitee.com/o/paralegal-litigation-specialist
2026-10-05 23:06;OnPurpose Careers;Agregador;;People Leader Enablement Specialist JR108802;;;;https://marathonhealth.wd501.myworkdayjobs.com/Marathon-Health-Careers/job/Remote/People-Leader-Enablement-Specialist_JR108802
2026-10-05 23:06;OnPurpose Careers;Agregador;;Program Director Requisition 2026201380;;;;https://fhi.wd1.myworkdayjobs.com/FHI_360_External_Career_Portal/job/US-REMOTE-DC/Program-Director_Requisition-2026201380
2026-10-05 23:06;OnPurpose Careers;Agregador;;Proposal development manager;;;;https://www.alford.com/about-us/careers/proposal-development-manager
2026-10-05 23:06;OnPurpose Careers;Agregador;;PS Director of Investments;;;;https://proofingstation.org/wp-content/uploads/2026/09/PS_Director_of_Investments.pdf
2026-10-05 23:06;OnPurpose Careers;Agregador;;Scheduler and Junior Sourcing Specialist JR103956;;;;https://nature.wd108.myworkdayjobs.com/ExternalCareers/job/Remote-USA/Scheduler-and-Junior-Sourcing-Specialist_JR103956-1
2026-10-05 23:06;OnPurpose Careers;Agregador;;Senior Finance Associate Job Posting Sept 2026 docx;;;;https://static1.squarespace.com/static/66cf700032f19f5cc355a3e4/t/6ab9458e62ffbd43de858cf5/1790526862901/Senior+Finance+Associate+Job+Posting+Sept+2026.docx.pdf
2026-10-05 23:06;OnPurpose Careers;Agregador;;Senior Finance Manager;;;;https://pacificinstitute.applytojob.com/apply/PJlYT3jRWW/Senior-Finance-Manager
2026-10-05 23:06;OnPurpose Careers;Agregador;;Talent Sourcing Associate JR103990;;;;https://nature.wd108.myworkdayjobs.com/ExternalCareers/job/Remote-USA/Talent-Sourcing-Associate_JR103990
2026-10-05 23:06;OnPurpose Careers;Agregador;;The susan thompson buffett foundation executive assistant operations 42b9530c 7d3a 4224 9ce4 220573afaaad;;;;https://jobs.gusto.com/postings/the-susan-thompson-buffett-foundation-executive-assistant-operations-42b9530c-7d3a-4224-9ce4-220573afaaad
2026-10-05 23:06;PCDN;Agregador;;Assistant Vice President, Bush Terminal (MADE/MiNY);;;;https://jobs.pcdn.global/jobs/assistant-vice-president-bush-terminal-made-miny-ea789e74
2026-10-05 23:06;Premiere Urgence;Humanitario;;Assistant.e Service des Urgences et du Développement Opérationnel et des Partenariats - Stage;;;;https://premiere-urgence.csod.com/ux/ats/careersite/4/home/requisition/1833?c=premiere-urgence
2026-10-05 23:06;Premiere Urgence;Humanitario;;Country Director Myanmar;;;;https://premiere-urgence.csod.com/ux/ats/careersite/4/home/requisition/1831?c=premiere-urgence
2026-10-05 23:06;Premiere Urgence;Humanitario;;Country Director Palestine;;;;https://premiere-urgence.csod.com/ux/ats/careersite/4/home/requisition/1846?c=premiere-urgence
2026-10-05 23:06;Premiere Urgence;Humanitario;;Multisectoral Project Manager;;;;https://premiere-urgence.csod.com/ux/ats/careersite/4/home/requisition/1844?c=premiere-urgence
2026-10-05 23:06;Premiere Urgence;Humanitario;;Partnership and grants manager;;;;https://premiere-urgence.csod.com/ux/ats/careersite/4/home/requisition/1845?c=premiere-urgence
2026-10-05 23:06;Premiere Urgence;Humanitario;;Partnership and grants manager;;;;https://premiere-urgence.csod.com/ux/ats/careersite/4/home/requisition/1794?c=premiere-urgence
2026-10-05 23:06;Restless Development;Desarrollo Comunitario;;Call for applications inclusion youth fund;;;;https://restlessdevelopment.org/opportunities-listing/call-for-applications-inclusion-youth-fund
2026-10-05 23:06;Restless Development;Desarrollo Comunitario;;Consultancy;;;;https://restlessdevelopment.org/opportunities-listing/consultancy
2026-10-05 23:06;Restless Development;Desarrollo Comunitario;;Consultancy opportunity youth friendly guideline on artificial intelligence;;;;https://restlessdevelopment.org/opportunities-listing/consultancy-opportunity-youth-friendly-guideline-on-artificial-intelligence
2026-10-05 23:06;Restless Development;Desarrollo Comunitario;;Consultancy opportunity youth mental health learning guide;;;;https://restlessdevelopment.org/opportunities-listing/consultancy-opportunity-youth-mental-health-learning-guide
2026-10-05 23:06;Restless Development;Desarrollo Comunitario;;Join restless development tanzania as board director;;;;https://restlessdevelopment.org/opportunities-listing/join-restless-development-tanzania-as-board-director
2026-10-05 23:06;Restless Development;Desarrollo Comunitario;;Programme assistant consultant women candidate only;;;;https://restlessdevelopment.org/opportunities-listing/programme-assistant-consultant-women-candidate-only
2026-10-05 23:06;Rights and Resources Initiative;Desarrollo Comunitario;;Associate, CLARIFI - Asia / Associé(e), CLARIFI - Asie;;;;https://rights.bamboohr.com/careers/47
2026-10-05 23:06;Strategia Netherlands;Humanitario;;ABA-ROLI Program Officer, Asia Division;;;;https://humanitarianweb.org/aba-roli-program-officer-asia-division
2026-10-05 23:06;Strategia Netherlands;Humanitario;;Field monitoring specialist;;;;https://humanitarianweb.org/field-monitoring-specialist
2026-10-05 23:06;Strategia Netherlands;Humanitario;;Gender equality and social inclusion gesi adviser tuvalu;;;;https://humanitarianweb.org/gender-equality-and-social-inclusion-gesi-adviser-tuvalu
2026-10-05 23:06;Strategia Netherlands;Humanitario;;Head of humanitarian mine action;;;;https://humanitarianweb.org/head-of-humanitarian-mine-action
2026-10-05 23:06;Strategia Netherlands;Humanitario;;Supply Chain Officer;;;;https://humanitarianweb.org/supply-chain-officer-4
2026-10-05 23:06;Strategia Netherlands;Humanitario;;Supply chain officer nepal emergency response consultant;;;;https://humanitarianweb.org/supply-chain-officer-nepal-emergency-response-consultant
2026-10-05 23:06;Strategia Netherlands;Humanitario;;Wash technical advisor nepal emergency response consultant;;;;https://humanitarianweb.org/wash-technical-advisor-nepal-emergency-response-consultant
2026-10-05 23:06;Talento Verde;Sostenibilidad;;Asesor Técnico de Ventas;;;;https://talentoverde.com/?post_type=job_listing&p=69876
2026-10-05 23:06;Talento Verde;Sostenibilidad;;Director de Nuevos Negocios;;;;https://talentoverde.com/?post_type=job_listing&p=68566
2026-10-05 23:06;Talento Verde;Sostenibilidad;;Director(a) de Mercadeo;;;;https://talentoverde.com/?post_type=job_listing&p=69874
2026-10-05 23:06;Talento Verde;Sostenibilidad;;INGENIERO DE PROYECTOS FORESTALES;;;;https://talentoverde.com/?post_type=job_listing&p=69126
2026-10-05 23:06;Talento Verde;Sostenibilidad;;Ingeniero(a) Ambiental;;;;https://talentoverde.com/?post_type=job_listing&p=66189
2026-10-05 23:06;Talento Verde;Sostenibilidad;;Ingeniero(a) Civil o Sanitario(a);;;;https://talentoverde.com/?post_type=job_listing&p=70137
2026-10-05 23:06;Talento Verde;Sostenibilidad;;Profesional Recurso Hídrico;;;;https://talentoverde.com/?post_type=job_listing&p=63725
2026-10-05 23:06;The Impact Job;Agregador;;Director of Development;;;;https://www.theimpactjob.com/jobs/748574613-director-of-development
2026-10-05 23:06;UN JOB NET;Agregador;;Country Director Palestine – based in Amman;;;;https://www.unjobnet.org/jobs/detail/pui-country-director-palestine-based-in-amman-89477598
2026-10-05 23:06;UN JOB NET;Agregador;;Monitoring, Evaluation, Accountability and Learning Assistant - Part Time 50;;;;https://www.unjobnet.org/jobs/detail/acted-monitoring-evaluation-accountability-and-learning-assistant-part-time-50-89477600
2026-10-05 23:06;UN JOB NET;Agregador;;Proposal Development Manager;;;;https://www.unjobnet.org/jobs/detail/welthungerhilfe-proposal-development-manager-89477596
2026-10-05 23:06;UN JOB NET;Agregador;;Technical Assistant;;;;https://www.unjobnet.org/jobs?keywords=Technical+Assistant
2026-10-05 23:06;UN JOB NET;Agregador;;WHH Representative Canada;;;;https://www.unjobnet.org/jobs/detail/welthungerhilfe-whh-representative-canada-89477597
2026-10-05 23:06;Universidad EAN;Educación;;Procesos de gobierno y dirección »;;;;https://universidadean.edu.co/la-universidad/quienes-somos/organigrama/procesos-de-gobierno
2026-10-05 23:06;UNV;ONU;;Early Childhood Education and Development (ECED) Liaison Officer;;;;https://app.unv.org/opportunities/1784888021273017
2026-10-05 23:06;WOLA Oficina en Washington para Asuntos Latinoamericanos;Humanitario;;Terminos de Referencia Consultoria Tecnica CdP;;;;https://www.wola.org/wp-content/uploads/2026/02/Terminos-de-Referencia-Consultoria-Tecnica-CdP-1.pdf
2026-10-06 06:32;Acción Contra el Hambre;Humanitario;;Nutrition and Health Coordinator for ALIGN;;;coordinator;https://employ.acf-e.org/index.php/positions/view/12433/Nutrition-and-Health-Coordinator-for-ALIGN
2026-10-06 06:32;Euro Brussels;Agregador;;Executive Assistant and Office Coordinator - VA 17/2026;;;coordinator;https://www.eurobrussels.com/job_display/297294/Executive_Assistant_and_Office_Coordinator_VA_17_2026_EFTA_Secretariat_Brussels_Belgium
2026-10-06 06:32;Impact Source;Agregador;;Business Analyst (Remote - US);;;remote;https://icf.wd5.myworkdayjobs.com/ICFExternal_Career_Site/job/Reston-VA/Business-Analyst--Remote---US-_R2603355-1
2026-10-06 06:32;Impactpool;Agregador;;Deputy Director of Programs Colombia;;;Colombia;https://www.impactpool.org/jobs/1231770
2026-10-06 06:32;Indev Jobs;Agregador;;Area Manager Colombia Northeast Cucuta;;;Colombia;https://indevjobs.org/jobs/area-manager-colombia-northeast-cucuta
2026-10-06 06:32;Indev Jobs;Agregador;;Regional Supply Chain Operations Director, LAC - Colombia;;;Colombia, LAC;https://indevjobs.org/jobs/regional-supply-chain-operations-director-lac-colombia
2026-10-06 06:32;International Development & NGO Jobs;Agregador;;Cash Coordinator;;;coordinator;https://devnetjobs.org/jobdescription.aspx?job_id=316501
2026-10-06 06:32;International Development & NGO Jobs;Agregador;;Community Conservation Coordinator;;;coordinator;https://devnetjobs.org/jobdescription.aspx?job_id=316762
2026-10-06 06:32;International Development & NGO Jobs;Agregador;;Program Manager I - MEAL Continuity of Integrated Health Services Project;;;program manager, MEAL;https://devnetjobs.org/jobdescription.aspx?job_id=316532
2026-10-06 06:32;International Development & NGO Jobs;Agregador;;Program Manager II - MEAL Continuity of Integrated Health Services Project;;;program manager, MEAL;https://devnetjobs.org/jobdescription.aspx?job_id=316531
2026-10-06 06:32;International Development & NGO Jobs;Agregador;;Project Coordinator, Kits PEP;;;coordinator;https://devnetjobs.org/jobdescription.aspx?job_id=316081
2026-10-06 06:32;International Development & NGO Jobs;Agregador;;Regional Clinical Services Coordinator;;;coordinator;https://devnetjobs.org/jobdescription.aspx?job_id=316554
2026-10-06 06:32;NGO Tenders;Agregador;;Internal Displacement and Durable Solutions Consultant, Migration and Displacement Hub, Remote, 2.5 Months;;;remote;https://ngotenders.net/job/internal-displacement-and-durable-solutions-consultant-migration-and-displacement-hub-remote-2-5-months
2026-10-06 06:32;NGO Tenders;Agregador;;Oficial Senior MEAL;;;MEAL;https://ngotenders.net/job/oficial-senior-meal
2026-10-06 06:32;Partners of the Americas;Agregador;;Oficial de monitoreo y evaluacion honduras;;;monitoreo;https://partners.net/careers/oficial-de-monitoreo-y-evaluacion-honduras
2026-10-06 06:32;Partners of the Americas;Agregador;;Oficial de monitoreo y evaluacion honduras;;;monitoreo;https://partners.net/careers/oficial-de-monitoreo-y-evaluacion-honduras-2
2026-10-06 06:32;PCDN;Agregador;;Coordinator-Health System;;;coordinator;https://jobs.pcdn.global/jobs/coordinator-health-system-dd49bf85
2026-10-06 06:32;Remote Jobs Opportunities;Agregador;;Lead Exposure Elimination Project Hiring: Remote Jobs Across Global Teams | Salaries Up to £55,360 | Apply by 11 October 2026;;;remote;https://remotejobsopportunities.com/project-21
2026-10-06 06:32;Remote Jobs Opportunities;Agregador;;UNEP IMEO Remote Sensing Data Engineer: Remote Opportunity | Consultant | Apply by 28 October 2026;;;remote;https://remotejobsopportunities.com/consult-59
2026-10-06 06:32;Remote Jobs Opportunities;Agregador;;UNICEF National M&E Consultant for Gender-Responsive Cash Plus Project: Remote Consultancy | Vietnam | Apply by 8 October 2026;;;remote;https://remotejobsopportunities.com/unicef-27
2026-10-06 06:32;Save the Children Colombia;Niñez;;Administration Coordinator;;;coordinator;https://savethechildren.net/careers/apply/details?jid=17897
2026-10-06 06:32;Save the Children Colombia;Niñez;;KREASI Grant Finance Coordinator;;;coordinator;https://savethechildren.net/careers/apply/details?jid=17904
2026-10-06 06:32;Save the Children International;Niñez;;Administration Coordinator;;;coordinator;https://www.savethechildren.net/careers/apply/details?jid=17897
2026-10-06 06:32;Save the Children International;Niñez;;KREASI Grant Finance Coordinator;;;coordinator;https://www.savethechildren.net/careers/apply/details?jid=17904
2026-10-06 06:32;Strategia Netherlands;Humanitario;;Project Finance and Administration Coordinator;;;coordinator;https://humanitarianweb.org/project-finance-and-administration-coordinator-2
2026-10-06 06:32;The Impact Job;Agregador;;Global Sustainability Sr. Manager, Circularity Lead;;;sustainability;https://www.theimpactjob.com/jobs/731657161-global-sustainability-sr-manager-circularity-lead
2026-10-06 06:32;Unicef Colombia;ONU;;Consultancy - Community and Knowledge Management Consultant for Digital Impact, Nairobi, Kenya, 12Months (Remote);;;remote;https://jobs.unicef.org/cw/en-us/job/596125/consultancy-community-and-knowledge-management-consultant-for-digital-impact-nairobi-kenya-12months-remote
2026-10-06 06:32;Unicef Colombia;ONU;;Internal Displacement and Durable Solutions Consultant, Migration and Displacement Hub, Remote, 2.5 Months;;;remote;https://jobs.unicef.org/cw/en-us/job/596096/internal-displacement-and-durable-solutions-consultant-migration-and-displacement-hub-remote-25-months
2026-10-06 06:32;Unicef Colombia;ONU;;Knowledge Management Consultant - UNICEF Global Programme Division (GPD), Gender Equality Team, Nairobi, Kenya, 12 months (remote) #596123;;;remote;https://jobs.unicef.org/cw/en-us/job/596123/knowledge-management-consultant-unicef-global-programme-division-gpd-gender-equality-team-nairobi-kenya-12-months-remote-596123
2026-10-06 06:32;Becas y Convocatorias;Agregador;;Becas en austria para mujeres maestrias en ingles en la universidad tecnica de viena;;;;https://becasyconvocatorias.org/becas-en-austria-para-mujeres-maestrias-en-ingles-en-la-universidad-tecnica-de-viena
2026-10-06 06:32;CharityJob;Agregador;;Communications and Public Engagement Lead;;;;https://www.charityjob.co.uk/jobs/centre-for-homelessness-impact/communications-and-public-engagement-lead/1086371
2026-10-06 06:32;CharityJob;Agregador;;Communications Officer/ Senior Communications Officer;;;;https://www.charityjob.co.uk/jobs/cbm-uk/communications-officer-senior-communications-officer/1086351
2026-10-06 06:32;CharityJob;Agregador;;Divisional Executive Assistant;;;;https://www.charityjob.co.uk/jobs/royal-college-of-paediatrics-and-child-health/divisional-executive-assistant/1086357
2026-10-06 06:32;CharityJob;Agregador;;Grants Officer;;;;https://www.charityjob.co.uk/jobs/cambridgeshire-community-foundation-/grants-officer/1086346
2026-10-06 06:32;CharityJob;Agregador;;Head of Fundraising and Partnerships;;;;https://www.charityjob.co.uk/jobs/upbeat-communities/head-of-fundraising-and-partnerships/1086341
2026-10-06 06:32;CharityJob;Agregador;;High Value Officer;;;;https://www.charityjob.co.uk/jobs/royal-society-for-blind-children/high-value-officer/1083183
2026-10-06 06:32;CharityJob;Agregador;;House Operations Manager;;;;https://www.charityjob.co.uk/jobs/the-sick-children-s-trust/house-operations-manager/1086360
2026-10-06 06:32;CharityJob;Agregador;;Interim Principal Gifts Lead;;;;https://www.charityjob.co.uk/jobs/third-solutions/interim-principal-gifts-lead/1086372
2026-10-06 06:32;CharityJob;Agregador;;Programme Lead (Projects & Events);;;;https://www.charityjob.co.uk/jobs/young-enterprise/programme-lead-projects-events-/1086344
2026-10-06 06:32;CharityJob;Agregador;;Senior Manager (UK);;;;https://www.charityjob.co.uk/jobs/spring-impact/senior-manager-uk-/1086368
2026-10-06 06:32;CharityJob;Agregador;;Senior Policy and Public Affairs Manager;;;;https://www.charityjob.co.uk/jobs/tpp-recruitment/senior-policy-and-public-affairs-manager/1086364
2026-10-06 06:32;CharityJob;Agregador;;Volunteering Recruitment and Onboarding Manager;;;;https://www.charityjob.co.uk/jobs/hearing-dogs-for-deaf-people/volunteering-recruitment-and-onboarding-manager/1086343
2026-10-06 06:32;Control Risks;Asuntos Públicos;;Senior Researcher;Kuala Lumpur, Malaysia;2026-10-06;;https://apply.workable.com/j/7111FACF37
2026-10-06 06:32;Coopi;Humanitario;;PNA Survey Research Consultant;;;;https://www.coopi.org/en/job-position.html?id=901035
2026-10-06 06:32;DT Global;Implementador;;Administration Officer Samoa;;;;https://lde.tbe.taleo.net/lde01/ats/careers/v2/searchResults?next=&rowFrom=10&act=null&sortColumn=null&sortOrder=null&currentTime=1791286390180
2026-10-06 06:32;Euro Brussels;Agregador;;Communications and Political Officer (BEL26-018893);;;;https://www.eurobrussels.com/job_display/297339/Communications_and_Political_Officer_BEL26_018893_FCDO_Foreign_Commonwealth_Development_Office_Brussels_Belgium
2026-10-06 06:32;Euro Brussels;Agregador;;Finance Officer - VA 18/2026;;;;https://www.eurobrussels.com/job_display/297293/Finance_Officer_VA_18_2026_EFTA_Secretariat_Brussels_Belgium
2026-10-06 06:32;FHI 360;Implementador;;Laboratory Specialist;Manila, Philippines;Publicado hoy;;https://fhi.wd1.myworkdayjobs.com/FHI_360_External_Career_Portal/job/Manila-Philippines/Laboratory-Specialist_Requisition-2026201200
2026-10-06 06:32;Impact Source;Agregador;;Administrative Officer Senior;;;;https://eipn.fa.us2.oraclecloud.com/hcmUI/CandidateExperience/en/sites/CX_1/job/3002916
2026-10-06 06:32;Impact Source;Agregador;;Administrative Officer Senior;;;;https://www.impactsource.ai/jobs/catholic-relief-services
2026-10-06 06:32;Impact Source;Agregador;;Administrative Specialist (Surgery);;;;https://jhu.eightfold.ai/careers/job/1133916128674
2026-10-06 06:32;Impact Source;Agregador;;Communications and Knowledge Management Associate (Casual);;;;https://jhu.eightfold.ai/careers/job/1133916059713
2026-10-06 06:32;Impact Source;Agregador;;Communications and Knowledge Management Associate (Casual);;;;https://www.impactsource.ai/jobs/the-johns-hopkins-university
2026-10-06 06:32;Impact Source;Agregador;;Core Facility Sr. Research Specialist II (Molecular Microbiology and Immunology);;;;https://jhu.eightfold.ai/careers/job/1133916113710
2026-10-06 06:32;Impact Source;Agregador;;Director of Monitoring, Evaluation, Research and Learning, VisionFund International;;;;https://worldvision.wd1.myworkdayjobs.com/WorldVisionInternational/job/Global-Global/Director-of-Monitoring--Evaluation--Research-and-Learning--VisionFund-International_JR52956
2026-10-06 06:32;Impact Source;Agregador;;Director of Monitoring, Evaluation, Research and Learning, VisionFund International;;;;https://www.impactsource.ai/jobs/world-vision
2026-10-06 06:32;Impactpool;Agregador;;Clearance Assistant (800506);;;;https://www.impactpool.org/jobs/1240194
2026-10-06 06:32;Impactpool;Agregador;;Oficial de Salud-Resguardos Indígenas;;;;https://www.impactpool.org/jobs/1231578
2026-10-06 06:32;Impactpool;Agregador;;Principal Investment Officer, Infrastructure, Andean Region;;;;https://www.impactpool.org/jobs/1240169
2026-10-06 06:32;Indev Jobs;Agregador;;Senior Health Information Systems Officer;;;;https://indevjobs.org/jobs/senior-health-information-systems-officer
2026-10-06 06:32;International Development & NGO Jobs;Agregador;;Asistente Técnico/A De Alojamiento E Infraestructura Y Agua, Saneamiento E...;;;;https://devnetjobs.org/jobdescription.aspx?job_id=316557
2026-10-06 06:32;International Development & NGO Jobs;Agregador;;Consultant - Child Protection in Education;;;;https://devnetjobs.org/jobdescription.aspx?job_id=316083
2026-10-06 06:32;International Development & NGO Jobs;Agregador;;Consultant: National Policy and Budget Recommendation;;;;https://devnetjobs.org/jobdescription.aspx?job_id=316157
2026-10-06 06:32;International Development & NGO Jobs;Agregador;;Deputy Director, Corporate Partnerships;;;;https://devnetjobs.org/jobdescription.aspx?job_id=316213
2026-10-06 06:32;International Development & NGO Jobs;Agregador;;Finance Assistant;;;;https://devnetjobs.org/jobdescription.aspx?job_id=316588
2026-10-06 06:32;International Development & NGO Jobs;Agregador;;Finance Officer;;;;https://devnetjobs.org/jobdescription.aspx?job_id=316147
2026-10-06 06:32;International Development & NGO Jobs;Agregador;;Fundraising Officer;;;;https://devnetjobs.org/jobdescription.aspx?job_id=316540
2026-10-06 06:32;International Development & NGO Jobs;Agregador;;HR Transformation and Program Delivery Lead, APAC;;;;https://devnetjobs.org/jobdescription.aspx?job_id=315990
2026-10-06 06:32;International Development & NGO Jobs;Agregador;;Logistics and Administration Consultant;;;;https://devnetjobs.org/jobdescription.aspx?job_id=316774
2026-10-06 06:32;International Development & NGO Jobs;Agregador;;Manager, Explorer Capacity Development;;;;https://devnetjobs.org/jobdescription.aspx?job_id=316152
2026-10-06 06:32;International Development & NGO Jobs;Agregador;;Programme Officer;;;;https://devnetjobs.org/jobdescription.aspx?job_id=316680
2026-10-06 06:32;International Development & NGO Jobs;Agregador;;Senior Regional Technical Officer, Clinical Services;;;;https://devnetjobs.org/jobdescription.aspx?job_id=316555
2026-10-06 06:32;International Development & NGO Jobs;Agregador;;Technical Advisor (Associate Director) Maternal, Neonatal and Child Health;;;;https://devnetjobs.org/jobdescription.aspx?job_id=316079
2026-10-06 06:32;International Development & NGO Jobs;Agregador;;Technical Advisor III, Digital Health Solutions, Continuity of Integrated ...;;;;https://devnetjobs.org/jobdescription.aspx?job_id=316533
2026-10-06 06:32;International Development & NGO Jobs;Agregador;;Youth Voice Officer (Maternity Cover);;;;https://devnetjobs.org/jobdescription.aspx?job_id=316545
2026-10-06 06:32;Johnson & Johnson;Salud;;CQ Analyst Complaints;;;;https://www.careers.jnj.com/en/jobs/r-102479/cq-analyst-complaints
2026-10-06 06:32;La Coordinadora de Organizaciones para el Desarrollo;Agregador;;Técnico/a de Proyectos de Cooperación al desarrollo – Cooperante (Perú);;;;https://coordinadoraongd.org/empleo/ofertas/tecnico-a-de-proyectos-de-cooperacion-al-desarrollo-cooperante-peru-2
2026-10-06 06:32;Matteria;Agregador;;Líder de Gestión de Conocimiento e Incidencia - Organización de Desarrollo;;;;https://jobs.matteria.co/es/jobs/694437-lider-de-gestion-de-conocimiento-e-incidencia-organizacion-de-desarrollo
2026-10-06 06:32;Matteria;Agregador;;Margarita Vasquez Consultora Asociada;;;;https://jobs.matteria.co/en/people/2139-margarita-vasquez
2026-10-06 06:32;NGO Tenders;Agregador;;Analista Integración de Sistemas;;;;https://ngotenders.net/job/analista-integracion-de-sistemas
2026-10-06 06:32;NGO Tenders;Agregador;;Analyst, Market Access;;;;https://ngotenders.net/job/analyst-market-access
2026-10-06 06:32;NGO Tenders;Agregador;;Caribbean Representative;;;;https://ngotenders.net/job/caribbean-representative
2026-10-06 06:32;NGO Tenders;Agregador;;Chief Fire Officer;;;;https://ngotenders.net/job/chief-fire-officer
2026-10-06 06:32;NGO Tenders;Agregador;;Consultant(e) national(e) SBC chargé(e) du suivi communautaire et du déploiement du répertoire des acteurs à Bamako, Mopti, Tombouctou et Gao (Mali) – au burea avec missionsu (596121);;;;https://ngotenders.net/job/consultante-nationale-sbc-chargee-du-suivi-communautaire-et-du-deploiement-du-repertoire-des-acteurs-a-bamako-mopti-tombouctou-et-gao-mali-au-burea-avec-missionsu-596121
2026-10-06 06:32;NGO Tenders;Agregador;;Consultor(a) en Analisis de datos para Efectividad en el Desarrollo;;;;https://ngotenders.net/job/consultora-en-analisis-de-datos-para-efectividad-en-el-desarrollo
2026-10-06 06:32;NGO Tenders;Agregador;;Enfermera(o) Profesional – Comunitaria;;;;https://ngotenders.net/job/enfermerao-profesional-comunitaria
2026-10-06 06:32;NGO Tenders;Agregador;;Fire Watch Manager;;;;https://ngotenders.net/job/fire-watch-manager
2026-10-06 06:32;NGO Tenders;Agregador;;IT Systems Analyst;;;;https://ngotenders.net/job/it-systems-analyst
2026-10-06 06:32;NGO Tenders;Agregador;;Middle School Alliance (MSA) Bilingual Intake Specialist;;;;https://ngotenders.net/job/middle-school-alliance-msa-bilingual-intake-specialist
2026-10-06 06:32;NGO Tenders;Agregador;;National Communication Consultant – Multimedia Specialist, Phnom Penh, Cambodia,7 Months, Office based (with Travel)#596122;;;;https://ngotenders.net/job/national-communication-consultant-multimedia-specialist-phnom-penh-cambodia7-months-office-based-with-travel596122
2026-10-06 06:32;NGO Tenders;Agregador;;Planning Specialist (Budget & Finance), (P3), #98208, GPD/Office of Innovation/Directors Office, – Stockholm, Sweden;;;;https://ngotenders.net/job/planning-specialist-budget-finance-p3-98208-gpd-office-of-innovation-directors-office-stockholm-sweden
2026-10-06 06:32;NGO Tenders;Agregador;;Readvertisement: Administrative Assistant, (G-5), FT, Office of Emergency Operations (EMOPS), Rome, Italy #00133300 (Open to EU nationals and applicants with valid work permits);;;;https://ngotenders.net/job/readvertisement-administrative-assistant-g-5-ft-office-of-emergency-operations-emops-rome-italy-00133300-open-to-eu-nationals-and-applicants-with-valid-work-permits
2026-10-06 06:32;NGO Tenders;Agregador;;Seconded National Expert – Stakeholder Relations;;;;https://ngotenders.net/job/seconded-national-expert-stakeholder-relations
2026-10-06 06:32;NGO Tenders;Agregador;;Technical Advisor – Environmental Facilitator;;;;https://ngotenders.net/job/technical-advisor-environmental-facilitator
2026-10-06 06:32;NGO Tenders;Agregador;;Technical Specialist, P-3, Temporary Position, 364 days, Supply Division, Copenhagen, Denmark, #00138799;;;;https://ngotenders.net/job/technical-specialist-p-3-temporary-position-364-days-supply-division-copenhagen-denmark-00138799
2026-10-06 06:32;Partners of the Americas;Agregador;;Consultoria para el diseno y estructuracion del modelo de atencion integral gestion y protocolos del albergue para varones adultos victimas de trata de personas paraguay;;;;https://partners.net/careers/consultoria-para-el-diseno-y-estructuracion-del-modelo-de-atencion-integral-gestion-y-protocolos-del-albergue-para-varones-adultos-victimas-de-trata-de-personas-paraguay
2026-10-06 06:32;Partners of the Americas;Agregador;;Consultoria para el diseno y estructuracion del modelo de atencion integral gestion y protocolos del albergue para varones adultos victimas de trata de personas paraguay;;;;https://partners.net/careers/consultoria-para-el-diseno-y-estructuracion-del-modelo-de-atencion-integral-gestion-y-protocolos-del-albergue-para-varones-adultos-victimas-de-trata-de-personas-paraguay-2
2026-10-06 06:32;Partners of the Americas;Agregador;;Monitor and evaluation director mexico;;;;https://partners.net/careers/monitor-and-evaluation-director-mexico
2026-10-06 06:32;Partners of the Americas;Agregador;;Monitor and evaluation director mexico;;;;https://partners.net/careers/monitor-and-evaluation-director-mexico-2
2026-10-06 06:32;Partners of the Americas;Agregador;;Oficial de adquisiciones y subvenciones honduras;;;;https://partners.net/careers/oficial-de-adquisiciones-y-subvenciones-honduras
2026-10-06 06:32;Partners of the Americas;Agregador;;Oficial de bodega honduras;;;;https://partners.net/careers/oficial-de-bodega-honduras
2026-10-06 06:32;Partners of the Americas;Agregador;;Senior program officer education culture;;;;https://partners.net/careers/senior-program-officer-education-culture
2026-10-06 06:32;PCDN;Agregador;;2027 /2028 Legal Fellow;;;;https://jobs.pcdn.global/jobs/2027-2028-legal-fellow-e867b7f6
2026-10-06 06:32;PCDN;Agregador;;Asistente de Contabilidad y Finanzas;;;;https://jobs.pcdn.global/jobs/asistente-de-contabilidad-y-finanzas-abbb01b6
2026-10-06 06:32;PCDN;Agregador;;Community Outreach Manager, United States;;;;https://jobs.pcdn.global/jobs/community-outreach-manager-united-states-3f77adb2
2026-10-06 06:32;PCDN;Agregador;;Data Engineer;;;;https://jobs.pcdn.global/jobs/data-engineer-38870cc7
2026-10-06 06:32;PCDN;Agregador;;Executive Assistant, Newsroom;;;;https://jobs.pcdn.global/jobs/executive-assistant-newsroom-eac435e6
2026-10-06 06:32;PCDN;Agregador;;Forward Deployed Engineer [Fixed Term Contract - 12 months];;;;https://jobs.pcdn.global/jobs/forward-deployed-engineer-fixed-term-contract-12-months-f9e61ccd
2026-10-06 06:32;PCDN;Agregador;;Forward Deployed Engineer [Fixed Term Contract - 12 months];;;;https://jobs.pcdn.global/jobs/forward-deployed-engineer-fixed-term-contract-12-months-7e0fc3e8
2026-10-06 06:32;PCDN;Agregador;;Impact & Knowledge Management Lead;;;;https://jobs.pcdn.global/jobs/impact-knowledge-management-lead-44f8d8ec
2026-10-06 06:32;PCDN;Agregador;;Manager of Infrastructure;;;;https://jobs.pcdn.global/jobs/manager-of-infrastructure-58797faf
2026-10-06 06:32;PCDN;Agregador;;Mid-Market Account Director, Search & Staffing - Talent Solutions;;;;https://jobs.pcdn.global/jobs/mid-market-account-director-search-staffing-talent-solutions-23914baf
2026-10-06 06:32;PCDN;Agregador;;Operations Associate (Temporary Leave Replacement);;;;https://jobs.pcdn.global/jobs/operations-associate-temporary-leave-replacement-50db84ea
2026-10-06 06:32;PCDN;Agregador;;Operations Manager, Styles and Well;;;;https://jobs.pcdn.global/jobs/operations-manager-styles-and-well-d1e66e11
2026-10-06 06:32;PCDN;Agregador;;Sales Director, Mass;;;;https://jobs.pcdn.global/jobs/sales-director-mass-23e8ea01
2026-10-06 06:32;PCDN;Agregador;;SBCC Associate-II;;;;https://jobs.pcdn.global/jobs/sbcc-associate-ii-c48f6a68
2026-10-06 06:32;PCDN;Agregador;;Senior Data Operations Officer;;;;https://jobs.pcdn.global/jobs/senior-data-operations-officer-25ff2478
2026-10-06 06:32;PCDN;Agregador;;Senior Digital Analytics Engineer;;;;https://jobs.pcdn.global/jobs/senior-digital-analytics-engineer-d1b33064
2026-10-06 06:32;PCDN;Agregador;;Senior Manager, Program Finance;;;;https://jobs.pcdn.global/jobs/senior-manager-program-finance-67d5a522
2026-10-06 06:32;PCDN;Agregador;;Senior Patient Engagement Specialist;;;;https://jobs.pcdn.global/jobs/senior-patient-engagement-specialist-8d5a9e7d
2026-10-06 06:32;PCDN;Agregador;;Senior Software Engineer;;;;https://jobs.pcdn.global/jobs/senior-software-engineer-3a2eacf7
2026-10-06 06:32;PCDN;Agregador;;Senior Software Engineer, Agentic Harness Quality and Performance;;;;https://jobs.pcdn.global/jobs/senior-software-engineer-agentic-harness-quality-and-performance-d8c0afba
2026-10-06 06:32;PCDN;Agregador;;Special Assistant, Information Technology;;;;https://jobs.pcdn.global/jobs/special-assistant-information-technology-4ed7707e
2026-10-06 06:32;PCDN;Agregador;;The Nuclear Energy Agency - Software Engineer;;;;https://jobs.pcdn.global/jobs/the-nuclear-energy-agency-software-engineer-254a450c
2026-10-06 06:32;PurposePhil Career;Agregador;;Senior Project Manager/Project Lead - Fundraising;;;;https://www.purposephilcareer.com/jobs/698707280-senior-project-manager-project-lead-fundraising
2026-10-06 06:32;Red Adelco;Desarrollo Comunitario;;Consultoria tecnica en enfoque de genero e inclusion social gesi mit redserpaz;;;;https://redadelco.org/consultoria-tecnica-en-enfoque-de-genero-e-inclusion-social-gesi-mit-redserpaz
2026-10-06 06:32;Red Adelco;Desarrollo Comunitario;;Contratacion ingeniero a de sistemas para desarrollo de software pruebas;;;;https://redadelco.org/contratacion-ingeniero-a-de-sistemas-para-desarrollo-de-software-pruebas
2026-10-06 06:32;Remote Jobs Opportunities;Agregador;;External Grant Assessor at The London Community Foundation: Home-Based Consultancy | £250 Per Day | Apply by 30 October 2026;;;;https://remotejobsopportunities.com/grant-14
2026-10-06 06:32;Remote Jobs Opportunities;Agregador;;Policy and Advocacy Lead at Women with Disabilities Victoria: Hybrid Melbourne Opportunity | Part-Time | Apply by 18 October 2026;;;;https://remotejobsopportunities.com/women-52
2026-10-06 06:32;Save the Children Colombia;Niñez;;Human Resources Officer;;;;https://savethechildren.net/careers/apply/details?jid=17905
2026-10-06 06:32;Save the Children International;Niñez;;Human Resources Officer;;;;https://www.savethechildren.net/careers/apply/details?jid=17905
2026-10-06 06:32;Strategia Netherlands;Humanitario;;Country Representative – Iraq;;;;https://humanitarianweb.org/country-representative-iraq
2026-10-06 06:32;Strategia Netherlands;Humanitario;;Financial Analyst (Accounting), BRAC International Holdings B.V.;;;;https://humanitarianweb.org/financial-analyst-accounting-brac-international-holdings-b-v
2026-10-06 06:32;Strategia Netherlands;Humanitario;;Project Officer – Gender & Youth (Maternity Leave Reliever);;;;https://humanitarianweb.org/project-officer-gender-youth-maternity-leave-reliever
2026-10-06 06:32;The Impact Job;Agregador;;Manager Social Performance;;;;https://www.theimpactjob.com/jobs/734001175-manager-social-performance
2026-10-06 06:32;The Impact Job;Agregador;;Senior Cross-Cutting Researcher;;;;https://www.theimpactjob.com/jobs/748934278-senior-cross-cutting-researcher
2026-10-06 06:32;The Impact Job;Agregador;;Senior Livelihoods Researcher;;;;https://www.theimpactjob.com/jobs/748934271-senior-livelihoods-researcher
2026-10-06 06:32;The Impact Job;Agregador;;Senior Malaria Researcher;;;;https://www.theimpactjob.com/jobs/748934277-senior-malaria-researcher
2026-10-06 06:32;The Impact Job;Agregador;;Senior New Areas Researcher;;;;https://www.theimpactjob.com/jobs/748934276-senior-new-areas-researcher
2026-10-06 06:32;The Impact Job;Agregador;;Senior Nutrition Researcher;;;;https://www.theimpactjob.com/jobs/748934275-senior-nutrition-researcher
2026-10-06 06:32;The Impact Job;Agregador;;Senior Philanthropy Advisor;;;;https://www.theimpactjob.com/jobs/748934279-senior-philanthropy-advisor
2026-10-06 06:32;The Impact Job;Agregador;;Senior Program Officer;;;;https://www.theimpactjob.com/jobs/748934274-senior-program-officer
2026-10-06 06:32;The Impact Job;Agregador;;Senior Researcher;;;;https://www.theimpactjob.com/jobs/748934273-senior-researcher
2026-10-06 06:32;The Impact Job;Agregador;;Senior Vaccination Researcher;;;;https://www.theimpactjob.com/jobs/748934272-senior-vaccination-researcher
2026-10-06 06:32;UN JOB NET;Agregador;;E T Consultant;;;;https://www.unjobnet.org/jobs/detail/world-bank-e-t-consultant-89484696
2026-10-06 06:32;UN JOB NET;Agregador;;Operations Manager;;;;https://www.unjobnet.org/jobs?keywords=Operations+Manager
2026-10-06 06:32;UNESCO;ONU;;Consultant PT-EN Planning for Inclusive Education. Regional Programme West Africa;;;;https://careers.unesco.org/job/Dakar-Consultant-PT-EN-Planning-for-Inclusive-Education_-Regional-Programme-West-Africa/1373203057
2026-10-06 06:32;Unicef Colombia;ONU;;Consultant(e) national(e) SBC chargé(e) du suivi communautaire et du déploiement du répertoire des acteurs à Bamako, Mopti, Tombouctou et Gao (Mali) - au burea avec missionsu (596121);;;;https://jobs.unicef.org/cw/en-us/job/596121/consultante-nationale-sbc-chargée-du-suivi-communautaire-et-du-déploiement-du-répertoire-des-acteurs-à-bamako-mopti-tombouctou-et-gao-mali-au-burea-avec-missionsu-596121
2026-10-06 06:32;Unicef Colombia;ONU;;National Communication Consultant – Multimedia Specialist, Phnom Penh, Cambodia,7 Months, Office based (with Travel)#596122;;;;https://jobs.unicef.org/cw/en-us/job/596122/national-communication-consultant-multimedia-specialist-phnom-penh-cambodia7-months-office-based-with-travel596122
2026-10-06 06:32;Unicef Colombia;ONU;;Planning Specialist (Budget & Finance), (P3), #98208, GPD/Office of Innovation/Directors Office, - Stockholm, Sweden;;;;https://jobs.unicef.org/cw/en-us/job/596120/planning-specialist-budget-finance-p3-98208-gpdoffice-of-innovationdirectors-office-stockholm-sweden
2026-10-06 06:32;Unicef Colombia;ONU;;Readvertisement: Administrative Assistant, (G-5), FT, Office of Emergency Operations (EMOPS), Rome, Italy #00133300 (Open to EU nationals and applicants with valid work permits);;;;https://jobs.unicef.org/cw/en-us/job/591698/readvertisement-administrative-assistant-g5-ft-office-of-emergency-operations-emops-rome-italy-00133300-open-to-eu-nationals-and-applicants-with-valid-work-permits
2026-10-06 06:32;Unicef Colombia;ONU;;Technical Specialist, P-3, Temporary Position, 364 days, Supply Division, Copenhagen, Denmark, #00138799;;;;https://jobs.unicef.org/cw/en-us/job/596119/technical-specialist-p3-temporary-position-364-days-supply-division-copenhagen-denmark-00138799
2026-10-06 06:32;Unicef Colombia;ONU;;Temporary Appointment: Legal Affairs Specialist, P-3, Office of Executive Director, New York, PAT 136853;;;;https://jobs.unicef.org/cw/en-us/job/592126/temporary-appointment-legal-affairs-specialist-p3-office-of-executive-director-new-york-pat-136853
2026-10-06 06:32;UNV;ONU;;IT Officer – Justice Sector Digitalization Support;;;;https://app.unv.org/opportunities/1784888021273033
2026-10-06 06:32;UNV;ONU;;Logistics Associate;;;;https://app.unv.org/opportunities/1784888021273029
2026-10-06 06:32;World Vision;Niñez;;Information Technology (IT) Support Officer;Tangerang Selatan, Indonesia;Publicado hoy;;https://worldvision.wd1.myworkdayjobs.com/WorldVisionInternational/job/Tangerang-Selatan-Indonesia/Information-Technology--IT--Support-Officer_JR52899
