Fecha detección;Organización;Categoría;Red AFE;Vacante;Ubicación;Lugar publicado;Fecha publicada;Coincide con perfil;Enlace
2026-10-08 06:34;Global Jobs;Agregador;;Regional Humanitarian Access and Safety Adviser (Colombia, Venezuela, Honduras nationals);Colombia;;;Colombia;https://www.globaljobs.org/jobs/52016-bogota-colombia-norwegian-refugee-council-regional-humanitarian-access-and-safety-adviser-venezuela-honduras-nationals
2026-10-08 06:34;Impact Source;Agregador;;Enterprise Systems Program Manager;Remoto;;;program manager;https://fhi.wd1.myworkdayjobs.com/FHI_360_External_Career_Portal/job/USA-Remote-Any/Enterprise-Systems-Program-Manager_Requisition-2026201309
2026-10-08 06:34;Impactpool;Agregador;;E T Consultant - Security Specialist Colombia;Colombia;;;Colombia;https://www.impactpool.org/jobs/1240605
2026-10-08 06:34;Impactpool;Agregador;;Oficial de Monitoreo y Evaluación Ábrego Norte de Santander;Colombia;;;monitoreo;https://www.impactpool.org/jobs/1229996
2026-10-08 06:34;Impactpool;Agregador;;Regional Humanitarian Access and Safety Adviser (Colombia, Venezuela, Honduras nationals);Colombia;;;Colombia;https://www.impactpool.org/jobs/1234564
2026-10-08 06:34;Jobs To Apply;Agregador;;Communications Associate;Remoto;Minnesota, remote (in-state) eligible or hybrid in Minneapolis or Ely Salary;;remote;https://jobstoapply.com/opportunities/481/communications-associate
2026-10-08 06:34;Jobs To Apply;Agregador;;Cybersecurity Consultant;Remoto;Remote;;remote;https://jobstoapply.com/opportunities/473/cybersecurity-consultant
2026-10-08 06:34;Jobs To Apply;Agregador;;Director, Major Gifts;Remoto;Equality Now is a remote organization;;remote;https://jobstoapply.com/opportunities/475/director-major-gifts
2026-10-08 06:34;Matteria;Agregador;;Director of Finance & Administration - United Way Colombia;Colombia;;;Colombia;https://jobs.matteria.co/jobs/715556-director-of-finance-administration-united-way-colombia
2026-10-08 06:34;Remote Jobs Opportunities;Agregador;;KW2 Seeks Communications Specialist: Remote U.S. Opportunity | $38/Hour | Part-Time;Remoto;;;remote;https://remotejobsopportunities.com/special-5
2026-10-08 06:34;Remote Jobs Opportunities;Agregador;;MENTOR Initiative Grants Manager and Programme Manager: Remote Humanitarian Health Jobs | Arabic Speaking | Apply by 16 October 2026;Remoto;;;remote;https://remotejobsopportunities.com/mentor
2026-10-08 06:34;Save the Children Colombia;Niñez;;Asesor/a Técnico/a Senior de Educación;Colombia;Bogota, Colombia;;Colombia, Bogotá;https://savethechildren.net/careers/apply/details?jid=17918
2026-10-08 06:34;Save the Children International;Niñez;;Asesor/a Técnico/a Senior de Educación;Colombia;Bogota, Colombia;;Colombia, Bogotá;https://www.savethechildren.net/careers/apply/details?jid=17918
2026-10-08 06:34;The Nature Conservancy;Sostenibilidad;;Finance Director, MN/ND/SD;Remoto;GEO / Remoto - Minnesota;Publicado ayer;remoto;https://nature.wd108.myworkdayjobs.com/ExternalCareers/job/GEO--Remoto---Minnesota/Finance-Director---MNDK_JR104025
2026-10-08 06:34;Unicef Colombia;ONU;;Senior International Consultant on Gender & Climate Adaptation (remote for 13 months);Remoto;;;remote;https://jobs.unicef.org/cw/en-us/job/596186/senior-international-consultant-on-gender-climate-adaptation-remote-for-13-months
2026-10-08 06:34;Gender Jobs;Agregador;;Careers programmatic co exec director;Remoto;;;;https://blog.whispertohumanity.org/careers-programmatic-co-exec-director
2026-10-08 06:34;Gender Jobs;Agregador;;Director of global research and impact;Remoto;;;;https://www.womensrefugeecommission.org/employment/director-of-global-research-and-impact
2026-10-08 06:34;Global Jobs;Agregador;;Director of Program Admissions & Impact;Remoto;;;;https://www.globaljobs.org/jobs/52018-remote-massachusetts-institute-for-nonprofit-practice-director-of-program-admissions-impact
2026-10-08 06:34;Global Jobs;Agregador;;Senior Manager of Education Design;Remoto;;;;https://www.globaljobs.org/jobs/52012-remote-dc-the-news-literacy-project-senior-manager-of-education-design
2026-10-08 06:34;Impactpool;Agregador;;Asistente SIG( Sistema de Información Geográfica);Colombia;;;;https://www.impactpool.org/jobs/1215680
2026-10-08 06:34;Impactpool;Agregador;;Humanitarian Mine Action - Senior Assistant;Colombia;;;;https://www.impactpool.org/jobs/1240502
2026-10-08 06:34;Impactpool;Agregador;;VISITING PHD RESEARCHER - BEAN METABOLOMIC DIVERSITY;Colombia;;;;https://www.impactpool.org/jobs/1237629
2026-10-08 06:34;Innovations for Poverty Action IPA;Evaluación;;Practicante de Políticas Públicas y Comunicación;Colombia;;;;https://poverty-action.org/practicante-de-politicas-publicas-y-comunicacion
2026-10-08 06:34;International Development & NGO Jobs;Agregador;;Consultant for the Development of the Campaign Information Management Syst...;Remoto;;;;https://devnetjobs.org/jobdescription.aspx?job_id=316867
2026-10-08 06:34;Matteria;Agregador;;Dirección de Talento Humano - Confidencial;Colombia;;;;https://jobs.matteria.co/es/jobs/716224-direccion-de-talento-humano-confidencial
2026-10-08 06:34;Mercy Corps;Humanitario;;Impact Assurance Advisor Consultant Roster;Remoto;;;;https://jobs.jobvite.com/mercycorps/job/odyVAfw0
2026-10-08 06:34;Mercy Corps;Humanitario;;Lead Author - Gender-Focused Regional Socio-Economic Update;Remoto;;;;https://jobs.jobvite.com/mercycorps/job/orJUAfwo
2026-10-08 06:34;Médicos del Mundo Colombia;Salud;;Auxiliar de Enfermería;Colombia;;;;https://co.computrabajo.com/ofertas-de-trabajo/oferta-de-trabajo-de-auxiliar-de-enfermeria-bogota-334-en-bogota-dc-5A3E4E494FE26B9A61373E686DCF3405
2026-10-08 06:34;Médicos del Mundo Colombia;Salud;;Auxiliar de Farmacia;Colombia;;;;https://co.computrabajo.com/ofertas-de-trabajo/oferta-de-trabajo-de-auxiliar-de-farmacia-bogota-en-bogota-dc-EE2453B282E9189A61373E686DCF3405
2026-10-08 06:34;NGO Tenders;Agregador;;Investigador Visitante – Programa Científico del CGIAR;Colombia;Palmira · Sede principal CIAT, Palmira, Valle del Cauca;;;https://ngotenders.net/job/investigador-visitante-programa-cientifico-del-cgiar
2026-10-08 06:34;PCDN;Agregador;;Communications Lead, Wikimedia Enterprise (Contract);Remoto;;;;https://jobs.pcdn.global/jobs/communications-lead-wikimedia-enterprise-contract-1aeab821
2026-10-08 06:34;PCDN;Agregador;;Editorial Fellow;Remoto;;;;https://jobs.pcdn.global/jobs/editorial-fellow-ee0d0c42
2026-10-08 06:34;Profamilia;Salud;;Auxiliar Administrativo Clinica Cubrimiento de Vacaciones Ibagué;Colombia;;;;https://asociacion-profamilia.pandape.computrabajo.com/Detail/13841342
2026-10-08 06:34;Profamilia;Salud;;Profesional de Instrumentación Quirúrgica – 6 horas diarias;Colombia (organización colombiana);;;;https://asociacion-profamilia.pandape.computrabajo.com/Detail/13848744
2026-10-08 06:34;Prosper Global;Humanitario;;Impact Assurance Advisor Consultant Roster Anywhere, United States;Remoto;;;;https://jobs.jobvite.com/prosperglobal/job/odyVAfw0
2026-10-08 06:34;Prosper Global;Humanitario;;Lead Author - Gender-Focused Regional Socio-Economic Update Anywhere, United States;Remoto;;;;https://jobs.jobvite.com/prosperglobal/job/orJUAfwo
2026-10-08 06:34;PurposePhil Career;Agregador;;Senior Advisor Global Partnerships;Remoto;;;;https://www.purposephilcareer.com/jobs/753871170-senior-advisor-global-partnerships
2026-10-08 06:34;Remote Jobs Opportunities;Agregador;;UN Women Consultant for Gender Analysis of Counter-Terrorism Frameworks: Home-Based Opportunity | Apply by 21 October 2026;Remoto;;;;https://remotejobsopportunities.com/women-53
